,ISOT <-> McIntire,ISOT <-> WELFake,McIntire <-> WELFake
exact[h_text_light] pairs,0.0,38030.0,6005.0
exact[h_text_light] unique_docs_ISOT,0.0,38030.0,0.0
exact[h_text_light] unique_docs_McIntire,0.0,0.0,6005.0
exact[h_text_light] label_conflicts,0.0,0.0,0.0
exact[h_text_strip] pairs,2.0,38031.0,6007.0
exact[h_text_strip] unique_docs_ISOT,2.0,38029.0,0.0
exact[h_text_strip] unique_docs_McIntire,2.0,0.0,6005.0
exact[h_text_strip] label_conflicts,1.0,1.0,1.0
exact[h_both_light] pairs,0.0,38024.0,5972.0
exact[h_both_light] unique_docs_ISOT,0.0,38024.0,0.0
exact[h_both_light] unique_docs_McIntire,0.0,0.0,5972.0
exact[h_both_light] label_conflicts,0.0,0.0,0.0
exact[h_both_strip] pairs,1.0,38024.0,5973.0
exact[h_both_strip] unique_docs_ISOT,1.0,38023.0,0.0
exact[h_both_strip] unique_docs_McIntire,1.0,0.0,5972.0
exact[h_both_strip] label_conflicts,1.0,1.0,1.0
exact[h_title_light] pairs,14.0,38540.0,6478.0
exact[h_title_light] unique_docs_ISOT,14.0,38024.0,0.0
exact[h_title_light] unique_docs_McIntire,14.0,0.0,5971.0
exact[h_title_light] label_conflicts,4.0,5.0,7.0
exact[h_title_strip] pairs,15.0,38546.0,6479.0
exact[h_title_strip] unique_docs_ISOT,15.0,38023.0,0.0
exact[h_title_strip] unique_docs_McIntire,15.0,0.0,5971.0
exact[h_title_strip] label_conflicts,4.0,5.0,7.0
prefix300 docs_ISOT,6.0,37048.0,0.0
prefix300 docs_McIntire,6.0,0.0,5814.0
near[primary] pairs,33.0,38807.0,7076.0
near[primary] docs_ISOT,32.0,38029.0,0.0
near[primary] docs_McIntire,33.0,0.0,6005.0
near[primary] label conflicts,6.0,34.0,13.0
containment[primary] pairs,33.0,37719.0,6872.0
prefix300[primary] pairs,0.0,0.0,0.0
near[sensitivity] pairs,20.0,3093.0,614.0
near[sensitivity] docs_ISOT,15.0,443.0,0.0
near[sensitivity] docs_McIntire,12.0,0.0,232.0
near[sensitivity] label conflicts,4.0,20.0,8.0
containment[sensitivity] pairs,1.0,127.0,137.0
prefix300[sensitivity] pairs,0.0,0.0,0.0
exact[h_text_light] unique_docs_WELFake,0.0,38030.0,6005.0
exact[h_text_strip] unique_docs_WELFake,0.0,38031.0,6007.0
exact[h_both_light] unique_docs_WELFake,0.0,38024.0,5972.0
exact[h_both_strip] unique_docs_WELFake,0.0,38024.0,5973.0
exact[h_title_light] unique_docs_WELFake,0.0,38058.0,6245.0
exact[h_title_strip] unique_docs_WELFake,0.0,38058.0,6246.0
prefix300 docs_WELFake,0.0,37059.0,5855.0
near[primary] docs_WELFake,0.0,38111.0,6524.0
near[sensitivity] docs_WELFake,0.0,452.0,345.0
