outcome,contrast,tfidf,distilbert,difference_tfidf_minus_bert,tfidf_seed_range,bert_seed_range
cross-dataset AUC,S - C0,"-0.013 [-0.019, -0.007] (8/8)","+0.037 [+0.013, +0.060] (7/8)","-0.050 [-0.070, -0.029] (8/8)",-0.024..-0.002,-0.001..+0.093
cross-dataset AUC,L - C0,"+0.034 [+0.028, +0.039] (8/8)","+0.018 [-0.006, +0.043] (6/8)","+0.015 [-0.007, +0.038] (6/8)",+0.028..+0.049,-0.027..+0.071
cross-dataset AUC,E - C0,"+0.013 [+0.010, +0.017] (8/8)","+0.016 [-0.004, +0.037] (6/8)","-0.003 [-0.022, +0.016] (5/8)",+0.007..+0.018,-0.018..+0.062
cross-dataset AUC,LE - C0,"+0.053 [+0.048, +0.058] (8/8)","+0.017 [-0.008, +0.042] (6/8)","+0.035 [+0.012, +0.059] (7/8)",+0.044..+0.063,-0.032..+0.061
cross-dataset AUC,SLE - C0,"+0.041 [+0.037, +0.046] (8/8)","+0.029 [+0.012, +0.047] (8/8)","+0.012 [-0.006, +0.030] (6/8)",+0.035..+0.048,+0.003..+0.066
cross-dataset AUC,S - R_S,"-0.014 [-0.019, -0.009] (8/8)","+0.011 [-0.009, +0.030] (5/8)","-0.025 [-0.043, -0.006] (8/8)",-0.024..-0.008,-0.015..+0.056
cross-dataset AUC,E - R_E,"+0.020 [+0.016, +0.024] (8/8)","-0.010 [-0.025, +0.005] (5/8)","+0.030 [+0.014, +0.046] (8/8)",+0.012..+0.025,-0.028..+0.021
cross-dataset AUC,SE - R_SE,"+0.016 [+0.010, +0.022] (8/8)","+0.009 [-0.002, +0.020] (6/8)","+0.007 [-0.002, +0.017] (5/8)",+0.009..+0.027,-0.015..+0.029
AUC gap,S - C0,"+0.005 [-0.001, +0.010] (6/8)","-0.039 [-0.062, -0.016] (8/8)","+0.044 [+0.023, +0.065] (8/8)",-0.003..+0.015,-0.097..-0.002
AUC gap,L - C0,"-0.034 [-0.039, -0.029] (8/8)","-0.019 [-0.043, +0.006] (6/8)","-0.016 [-0.037, +0.006] (7/8)",-0.047..-0.030,-0.071..+0.027
AUC gap,E - C0,"-0.021 [-0.024, -0.017] (8/8)","-0.018 [-0.038, +0.002] (6/8)","-0.002 [-0.021, +0.016] (4/8)",-0.025..-0.015,-0.064..+0.016
AUC gap,LE - C0,"-0.058 [-0.064, -0.052] (8/8)","-0.020 [-0.045, +0.006] (6/8)","-0.039 [-0.061, -0.016] (7/8)",-0.069..-0.048,-0.065..+0.031
AUC gap,SLE - C0,"-0.053 [-0.060, -0.046] (8/8)","-0.034 [-0.052, -0.016] (8/8)","-0.019 [-0.037, -0.000] (7/8)",-0.065..-0.040,-0.074..-0.008
AUC gap,S - R_S,"+0.006 [+0.001, +0.011] (8/8)","-0.013 [-0.033, +0.006] (5/8)","+0.020 [+0.001, +0.038] (6/8)",+0.001..+0.017,-0.059..+0.013
AUC gap,E - R_E,"-0.025 [-0.028, -0.022] (8/8)","+0.009 [-0.006, +0.023] (5/8)","-0.034 [-0.050, -0.018] (8/8)",-0.029..-0.016,-0.021..+0.028
AUC gap,SE - R_SE,"-0.029 [-0.035, -0.023] (8/8)","-0.012 [-0.023, +0.000] (6/8)","-0.017 [-0.027, -0.007] (8/8)",-0.038..-0.021,-0.031..+0.014
