contrast,pair,tfidf_effect,bert_effect,difference,lo,hi,seeds_same_sign
SLE - C0,ISOT->McIntire,0.06525038566512402,0.09821466714133145,-0.03296428147620743,-0.05324097932978472,-0.012687583622630148,8/8
SLE - C0,ISOT->WELFake_residual,0.039971543503226334,-0.010405992836703473,0.05037753633992981,0.02062985646471392,0.08012521621514569,7/8
SLE - C0,McIntire->ISOT,0.11480229555418789,0.10379721335710516,0.011005082197082725,-0.018243695042387455,0.04025385943655291,5/8
SLE - C0,McIntire->WELFake_residual,-0.023449644373100487,-0.03567184059920438,0.01222219622610389,0.004063985430518436,0.020380407021689344,7/8
SLE - C0,WELFake_residual->ISOT,0.08274015919141678,0.026893986859887448,0.05584617233152933,-0.035800724240627205,0.14749306890368585,7/8
SLE - C0,WELFake_residual->McIntire,-0.0331786717297575,-0.0068726513982834,-0.026306020331474098,-0.07707246619965072,0.024460425536702517,4/8
LE - C0,ISOT->McIntire,0.07233653732051738,0.04073286262410511,0.03160367469641227,-0.00789549403959973,0.07110284343242428,6/8
LE - C0,ISOT->WELFake_residual,0.03855486520439824,-0.040868343495612566,0.07942320870001081,0.023492363613133387,0.13535405378688822,7/8
LE - C0,McIntire->ISOT,0.14082872805486998,0.04126063153119426,0.09956809652367572,0.057157486311430535,0.14197870673592092,8/8
LE - C0,McIntire->WELFake_residual,-0.019221419779327245,-0.03478624317139249,0.015564823392065247,0.010258635525453263,0.02087101125867723,8/8
LE - C0,WELFake_residual->ISOT,0.09827524126160306,0.07333268166792505,0.024942559593678013,-0.04371655032386948,0.0936016695112255,7/8
LE - C0,WELFake_residual->McIntire,-0.015268581147897614,0.02449200980973848,-0.039760590957636094,-0.09157458745376783,0.01205340553849564,7/8
L - C0,ISOT->McIntire,0.055090186305921454,0.051404809936315785,0.0036853763696056696,-0.030543675109276254,0.03791442784848759,3/8
L - C0,ISOT->WELFake_residual,0.03597847362777509,-0.011461115799224625,0.04743958942699972,0.00521534649791397,0.08966383235608547,6/8
L - C0,McIntire->ISOT,0.06853788489236019,0.01628396855509516,0.05225391633726503,0.016094408760637925,0.08841342391389215,6/8
L - C0,McIntire->WELFake_residual,-0.011571158690176234,0.002110444200521519,-0.013681602890697753,-0.02510333030468071,-0.0022598754767147924,7/8
L - C0,WELFake_residual->ISOT,0.07505341541409433,0.03593653836392588,0.03911687705016845,-0.07466679586810812,0.15290054996844502,6/8
L - C0,WELFake_residual->McIntire,-0.01987836715319803,0.016165499782445303,-0.036043866935643334,-0.07236293410294833,0.0002752002316616653,6/8
E - R_E,ISOT->McIntire,0.013364977651200538,-0.008650567619951727,0.022015545271152265,-0.010822423037351932,0.05485351357965646,6/8
E - R_E,ISOT->WELFake_residual,0.000732033069177504,-0.10449345770228866,0.10522549077146616,0.0636926161658079,0.14675836537712442,8/8
E - R_E,McIntire->ISOT,0.07189667150987575,0.08540408939210324,-0.013507417882227493,-0.06388555244470359,0.03687071668024861,4/8
E - R_E,McIntire->WELFake_residual,-0.005348282775729851,-0.006126910582517436,0.0007786278067875851,-0.011318229043084193,0.012875484656659364,4/8
E - R_E,WELFake_residual->ISOT,0.03481459656491702,-0.025118727356940262,0.05993332392185728,0.036002288597921,0.08386435924579357,8/8
E - R_E,WELFake_residual->McIntire,0.005308532099204885,-8.771409358815374e-05,0.005396246192793039,-0.00811476647063589,0.018907258856221968,6/8
S - R_S,ISOT->McIntire,-0.01712867370752738,0.03593667180886834,-0.05306534551639572,-0.09120840097693765,-0.014922290055853785,7/8
S - R_S,ISOT->WELFake_residual,-0.0006652142326897675,-0.023590221687847718,0.02292500745515795,-0.001908702788052892,0.04775871769836879,7/8
S - R_S,McIntire->ISOT,-0.03575997404970534,0.10593561440019285,-0.14169558844989819,-0.1789543211822171,-0.10443685571757926,8/8
S - R_S,McIntire->WELFake_residual,-0.008807396785716529,0.005953122125005539,-0.014760518910722067,-0.029446328348147442,-7.470947329669096e-05,6/8
S - R_S,WELFake_residual->ISOT,-0.012603975661288347,-0.0338933095508506,0.02128933388956225,-0.037641667265386265,0.08022033504451076,3/8
S - R_S,WELFake_residual->McIntire,-0.009499624223725286,-0.026632846801946206,0.01713322257822092,-0.003574543828661885,0.03784098898510373,5/8
