outcome,term,effect
auc,S,"-0.010 [-0.012, -0.008] (8/8)"
auc,L,"+0.037 [+0.036, +0.039] (8/8)"
auc,E,"+0.016 [+0.012, +0.020] (8/8)"
auc,S:L,"+0.001 [-0.002, +0.004] (4/8)"
auc,S:E,"-0.000 [-0.002, +0.002] (5/8)"
auc,L:E,"+0.001 [-0.002, +0.003] (6/8)"
auc,S:L:E,"-0.002 [-0.005, +0.000] (7/8)"
f1,S,"-0.014 [-0.016, -0.013] (8/8)"
f1,L,"+0.014 [+0.012, +0.015] (8/8)"
f1,E,"+0.017 [+0.014, +0.020] (8/8)"
f1,S:L,"-0.001 [-0.003, +0.001] (4/8)"
f1,S:E,"+0.002 [-0.001, +0.005] (5/8)"
f1,L:E,"+0.002 [+0.000, +0.004] (7/8)"
f1,S:L:E,"-0.002 [-0.003, -0.000] (6/8)"
gap_auc,S,"+0.003 [-0.000, +0.006] (6/8)"
gap_auc,L,"-0.036 [-0.038, -0.034] (8/8)"
gap_auc,E,"-0.022 [-0.026, -0.018] (8/8)"
gap_auc,S:L,"-0.000 [-0.003, +0.003] (4/8)"
gap_auc,S:E,"+0.001 [-0.001, +0.002] (5/8)"
gap_auc,L:E,"+0.001 [-0.002, +0.003] (3/8)"
gap_auc,S:L:E,"+0.002 [-0.000, +0.005] (6/8)"
gap_f1,S,"-0.000 [-0.003, +0.002] (4/8)"
gap_f1,L,"-0.012 [-0.016, -0.009] (8/8)"
gap_f1,E,"-0.029 [-0.032, -0.026] (8/8)"
gap_f1,S:L,"+0.001 [-0.001, +0.004] (6/8)"
gap_f1,S:E,"-0.000 [-0.003, +0.002] (4/8)"
gap_f1,L:E,"-0.001 [-0.004, +0.003] (4/8)"
gap_f1,S:L:E,"+0.002 [+0.001, +0.004] (7/8)"
