cond,in_auc,cross_auc,gap_auc,in_f1,cross_f1,gap_f1
C0,0.985,"0.772 [0.770, 0.775]","0.213 [0.210, 0.216]",0.942,"0.727 [0.725, 0.730]","0.215 [0.210, 0.220]"
S,0.977,"0.760 [0.755, 0.764]","0.218 [0.214, 0.221]",0.926,"0.710 [0.707, 0.713]","0.216 [0.212, 0.220]"
L,0.985,"0.806 [0.802, 0.811]","0.179 [0.174, 0.183]",0.942,"0.738 [0.734, 0.742]","0.204 [0.199, 0.209]"
E,0.978,"0.786 [0.783, 0.788]","0.192 [0.190, 0.195]",0.927,"0.738 [0.736, 0.740]","0.189 [0.185, 0.193]"
SL,0.978,"0.799 [0.795, 0.804]","0.179 [0.174, 0.183]",0.926,"0.722 [0.719, 0.726]","0.203 [0.200, 0.207]"
SE,0.971,"0.777 [0.772, 0.781]","0.194 [0.189, 0.199]",0.913,"0.728 [0.725, 0.732]","0.185 [0.179, 0.190]"
LE,0.98,"0.825 [0.821, 0.829]","0.155 [0.150, 0.160]",0.929,"0.756 [0.753, 0.760]","0.173 [0.169, 0.176]"
SLE,0.974,"0.813 [0.809, 0.817]","0.160 [0.154, 0.166]",0.917,"0.742 [0.738, 0.746]","0.175 [0.167, 0.184]"
R_S,0.985,"0.774 [0.771, 0.776]","0.212 [0.209, 0.214]",0.941,"0.729 [0.726, 0.732]","0.212 [0.207, 0.216]"
R_E,0.983,"0.766 [0.763, 0.769]","0.217 [0.215, 0.220]",0.937,"0.722 [0.720, 0.725]","0.215 [0.211, 0.219]"
R_SE,0.983,"0.761 [0.757, 0.764]","0.223 [0.219, 0.226]",0.938,"0.720 [0.716, 0.725]","0.217 [0.213, 0.221]"
T,0.982,"0.758 [0.753, 0.764]","0.224 [0.219, 0.228]",0.934,"0.722 [0.718, 0.725]","0.212 [0.207, 0.217]"
SLET,0.968,"0.800 [0.798, 0.803]","0.168 [0.165, 0.171]",0.907,"0.735 [0.733, 0.737]","0.172 [0.168, 0.177]"
R_T,0.984,"0.770 [0.767, 0.773]","0.214 [0.210, 0.217]",0.939,"0.725 [0.723, 0.728]","0.213 [0.211, 0.215]"
S_W,0.982,"0.772 [0.770, 0.774]","0.210 [0.207, 0.213]",0.935,"0.723 [0.722, 0.725]","0.211 [0.208, 0.215]"
S_B,0.98,"0.758 [0.755, 0.762]","0.222 [0.219, 0.225]",0.931,"0.715 [0.713, 0.717]","0.216 [0.213, 0.220]"
R_W,0.984,"0.767 [0.764, 0.769]","0.218 [0.214, 0.221]",0.94,"0.725 [0.723, 0.728]","0.215 [0.211, 0.219]"
R_B,0.984,"0.771 [0.766, 0.776]","0.213 [0.207, 0.219]",0.939,"0.726 [0.722, 0.730]","0.213 [0.205, 0.221]"
