seed,model,cond,S,L,E,rand_of,train,test,kind,n_train,n_test,f1,acc,ap,auc
0,tfidf_lr,C0,0,0,0,,ISOT,ISOT,in,290,82,1.0,1.0,1.0,1.0
0,tfidf_lr,C0,0,0,0,,ISOT,McIntire,cross,290,192,0.6553191489361702,0.578125,0.6523450121680326,0.6360677083333335
0,tfidf_lr,C0,0,0,0,,ISOT,WELFake_residual,cross,290,190,0.616822429906542,0.5684210526315789,0.6489924639247676,0.6525207756232688
0,tfidf_lr,C0,0,0,0,,McIntire,ISOT,cross,292,192,0.6169154228855721,0.5989583333333334,0.6687427262121761,0.6830512152777779
0,tfidf_lr,C0,0,0,0,,McIntire,McIntire,in,292,80,0.8205128205128205,0.825,0.897003849457546,0.893125
0,tfidf_lr,C0,0,0,0,,McIntire,WELFake_residual,cross,292,190,0.7942583732057417,0.7736842105263158,0.8731103870576851,0.8629362880886426
0,tfidf_lr,C0,0,0,0,,WELFake_residual,ISOT,cross,288,192,0.6777777777777778,0.6979166666666666,0.7358040363261319,0.7621527777777779
0,tfidf_lr,C0,0,0,0,,WELFake_residual,McIntire,cross,288,192,0.8585858585858586,0.8541666666666666,0.9211068287012635,0.9327256944444444
0,tfidf_lr,C0,0,0,0,,WELFake_residual,WELFake_residual,in,288,84,0.8395061728395061,0.8452380952380952,0.9329542163880473,0.9206349206349206
0,tfidf_lr,S,1,0,0,,ISOT,ISOT,in,290,82,0.9367088607594937,0.9390243902439024,0.993770246118315,0.9934562760261749
0,tfidf_lr,S,1,0,0,,ISOT,McIntire,cross,290,192,0.6804979253112033,0.5989583333333334,0.612206787276171,0.6470269097222222
0,tfidf_lr,S,1,0,0,,ISOT,WELFake_residual,cross,290,190,0.672566371681416,0.6105263157894737,0.6677217721737271,0.6741274238227146
0,tfidf_lr,S,1,0,0,,McIntire,ISOT,cross,292,192,0.6368159203980099,0.6197916666666666,0.631395038774017,0.6409505208333334
0,tfidf_lr,S,1,0,0,,McIntire,McIntire,in,292,80,0.8421052631578947,0.85,0.9380152880652282,0.9299999999999999
0,tfidf_lr,S,1,0,0,,McIntire,WELFake_residual,cross,292,190,0.7707317073170732,0.7526315789473684,0.8814481441168421,0.8555124653739612
0,tfidf_lr,S,1,0,0,,WELFake_residual,ISOT,cross,288,192,0.6024096385542169,0.65625,0.7303049471316917,0.7629123263888888
0,tfidf_lr,S,1,0,0,,WELFake_residual,McIntire,cross,288,192,0.8461538461538461,0.8541666666666666,0.9205220525647999,0.9314236111111112
0,tfidf_lr,S,1,0,0,,WELFake_residual,WELFake_residual,in,288,84,0.8205128205128205,0.8333333333333334,0.9108961701653129,0.9098639455782314
0,tfidf_lr,L,0,1,0,,ISOT,ISOT,in,290,82,0.9367088607594937,0.9390243902439024,0.9970355390865746,0.9970255800118977
0,tfidf_lr,L,0,1,0,,ISOT,McIntire,cross,290,192,0.6443514644351465,0.5572916666666666,0.6504303480428618,0.6229383680555556
0,tfidf_lr,L,0,1,0,,ISOT,WELFake_residual,cross,290,190,0.6272727272727273,0.5684210526315789,0.6208090420413042,0.6197229916897508
0,tfidf_lr,L,0,1,0,,McIntire,ISOT,cross,292,192,0.6775956284153005,0.6927083333333334,0.7873425860913202,0.759548611111111
0,tfidf_lr,L,0,1,0,,McIntire,McIntire,in,292,80,0.8941176470588236,0.8875,0.9528633289403814,0.94625
0,tfidf_lr,L,0,1,0,,McIntire,WELFake_residual,cross,292,190,0.7579908675799086,0.7210526315789474,0.8944419871645728,0.8739058171745153
0,tfidf_lr,L,0,1,0,,WELFake_residual,ISOT,cross,288,192,0.686046511627907,0.71875,0.7712566083633832,0.7789713541666667
0,tfidf_lr,L,0,1,0,,WELFake_residual,McIntire,cross,288,192,0.8240740740740741,0.8020833333333334,0.9302136856708012,0.9200303819444445
0,tfidf_lr,L,0,1,0,,WELFake_residual,WELFake_residual,in,288,84,0.8148148148148148,0.8214285714285714,0.9352613836374835,0.93140589569161
0,tfidf_lr,E,0,0,1,,ISOT,ISOT,in,290,82,0.935064935064935,0.9390243902439024,0.991897816036984,0.9904818560380726
0,tfidf_lr,E,0,0,1,,ISOT,McIntire,cross,290,192,0.6638655462184874,0.5833333333333334,0.6466269869256132,0.6434461805555555
0,tfidf_lr,E,0,0,1,,ISOT,WELFake_residual,cross,290,190,0.6756756756756757,0.6210526315789474,0.6352543288032845,0.6545152354570638
0,tfidf_lr,E,0,0,1,,McIntire,ISOT,cross,292,192,0.6445497630331753,0.609375,0.7134940306076029,0.7020399305555556
0,tfidf_lr,E,0,0,1,,McIntire,McIntire,in,292,80,0.7948717948717948,0.8,0.8830243308677341,0.8987499999999999
0,tfidf_lr,E,0,0,1,,McIntire,WELFake_residual,cross,292,190,0.7524752475247525,0.7368421052631579,0.8352057127505023,0.8173961218836566
0,tfidf_lr,E,0,0,1,,WELFake_residual,ISOT,cross,288,192,0.6440677966101694,0.671875,0.7210190268038059,0.7473958333333334
0,tfidf_lr,E,0,0,1,,WELFake_residual,McIntire,cross,288,192,0.7567567567567568,0.765625,0.8544821341937007,0.8505859375
0,tfidf_lr,E,0,0,1,,WELFake_residual,WELFake_residual,in,288,84,0.759493670886076,0.7738095238095238,0.8883619452485005,0.8809523809523809
0,tfidf_lr,SL,1,1,0,,ISOT,ISOT,in,290,82,0.9629629629629629,0.9634146341463414,0.9942456413307098,0.9928613920285545
0,tfidf_lr,SL,1,1,0,,ISOT,McIntire,cross,290,192,0.6753246753246753,0.609375,0.6113192378270725,0.6263020833333334
0,tfidf_lr,SL,1,1,0,,ISOT,WELFake_residual,cross,290,190,0.6551724137931034,0.5789473684210527,0.5874048092942152,0.6128531855955678
0,tfidf_lr,SL,1,1,0,,McIntire,ISOT,cross,292,192,0.7272727272727273,0.734375,0.8492193501590797,0.8242187500000001
0,tfidf_lr,SL,1,1,0,,McIntire,McIntire,in,292,80,0.891566265060241,0.8875,0.9198911355112609,0.9275
0,tfidf_lr,SL,1,1,0,,McIntire,WELFake_residual,cross,292,190,0.7706422018348624,0.7368421052631579,0.8993886623285963,0.8822160664819945
0,tfidf_lr,SL,1,1,0,,WELFake_residual,ISOT,cross,288,192,0.593103448275862,0.6927083333333334,0.8121115104056498,0.8118489583333333
0,tfidf_lr,SL,1,1,0,,WELFake_residual,McIntire,cross,288,192,0.7677725118483413,0.7447916666666666,0.8527765800567313,0.8560112847222222
0,tfidf_lr,SL,1,1,0,,WELFake_residual,WELFake_residual,in,288,84,0.7848101265822784,0.7976190476190477,0.9273652769919593,0.909297052154195
0,tfidf_lr,SE,1,0,1,,ISOT,ISOT,in,290,82,0.9620253164556962,0.9634146341463414,0.992896699153327,0.992266508030934
0,tfidf_lr,SE,1,0,1,,ISOT,McIntire,cross,290,192,0.6639344262295082,0.5729166666666666,0.5834070943580077,0.5985243055555556
0,tfidf_lr,SE,1,0,1,,ISOT,WELFake_residual,cross,290,190,0.6460176991150443,0.5789473684210527,0.6126461764131472,0.629584487534626
0,tfidf_lr,SE,1,0,1,,McIntire,ISOT,cross,292,192,0.6305418719211823,0.609375,0.627764203127785,0.6324869791666666
0,tfidf_lr,SE,1,0,1,,McIntire,McIntire,in,292,80,0.7948717948717948,0.8,0.9237822341698861,0.91875
0,tfidf_lr,SE,1,0,1,,McIntire,WELFake_residual,cross,292,190,0.7562189054726368,0.7421052631578947,0.8495965021081887,0.8329085872576176
0,tfidf_lr,SE,1,0,1,,WELFake_residual,ISOT,cross,288,192,0.6514285714285715,0.6822916666666666,0.7274977477362645,0.7723524305555556
0,tfidf_lr,SE,1,0,1,,WELFake_residual,McIntire,cross,288,192,0.8210526315789474,0.8229166666666666,0.8970901619668312,0.8991970486111112
0,tfidf_lr,SE,1,0,1,,WELFake_residual,WELFake_residual,in,288,84,0.8,0.7976190476190477,0.885540146391737,0.8809523809523809
0,tfidf_lr,LE,0,1,1,,ISOT,ISOT,in,290,82,0.935064935064935,0.9390243902439024,0.9966353839014078,0.9964306960142773
0,tfidf_lr,LE,0,1,1,,ISOT,McIntire,cross,290,192,0.6666666666666666,0.625,0.7216121627516805,0.690212673611111
0,tfidf_lr,LE,0,1,1,,ISOT,WELFake_residual,cross,290,190,0.6605504587155964,0.6105263157894737,0.6217767241936865,0.6403324099722991
0,tfidf_lr,LE,0,1,1,,McIntire,ISOT,cross,292,192,0.7640449438202247,0.78125,0.8968140895464469,0.8787977430555556
0,tfidf_lr,LE,0,1,1,,McIntire,McIntire,in,292,80,0.8674698795180723,0.8625,0.9354489731598283,0.9225
0,tfidf_lr,LE,0,1,1,,McIntire,WELFake_residual,cross,292,190,0.7623762376237624,0.7473684210526316,0.8369059913598093,0.8344598337950139
0,tfidf_lr,LE,0,1,1,,WELFake_residual,ISOT,cross,288,192,0.6463414634146342,0.6979166666666666,0.8138053602442858,0.8195529513888888
0,tfidf_lr,LE,0,1,1,,WELFake_residual,McIntire,cross,288,192,0.7169811320754716,0.6875,0.8079274471943485,0.7875434027777777
0,tfidf_lr,LE,0,1,1,,WELFake_residual,WELFake_residual,in,288,84,0.8372093023255814,0.8333333333333334,0.9212670265731756,0.9160997732426304
0,tfidf_lr,SLE,1,1,1,,ISOT,ISOT,in,290,82,0.9620253164556962,0.9634146341463414,0.9933924611973391,0.992266508030934
0,tfidf_lr,SLE,1,1,1,,ISOT,McIntire,cross,290,192,0.7068965517241379,0.6458333333333334,0.7004908485312652,0.7126736111111112
0,tfidf_lr,SLE,1,1,1,,ISOT,WELFake_residual,cross,290,190,0.6434782608695652,0.5684210526315789,0.6100402504817994,0.6333518005540165
0,tfidf_lr,SLE,1,1,1,,McIntire,ISOT,cross,292,192,0.6888888888888889,0.7083333333333334,0.8129963709344709,0.800998263888889
0,tfidf_lr,SLE,1,1,1,,McIntire,McIntire,in,292,80,0.813953488372093,0.8,0.9204343223883638,0.906875
0,tfidf_lr,SLE,1,1,1,,McIntire,WELFake_residual,cross,292,190,0.7431192660550459,0.7052631578947368,0.8134927808190002,0.8126315789473684
0,tfidf_lr,SLE,1,1,1,,WELFake_residual,ISOT,cross,288,192,0.7108433734939759,0.75,0.8056731914298523,0.8296440972222222
0,tfidf_lr,SLE,1,1,1,,WELFake_residual,McIntire,cross,288,192,0.7887323943661971,0.765625,0.8316953137062035,0.8321397569444443
0,tfidf_lr,SLE,1,1,1,,WELFake_residual,WELFake_residual,in,288,84,0.813953488372093,0.8095238095238095,0.9000224999001302,0.8809523809523809
0,tfidf_lr,R_S,0,0,0,S,ISOT,ISOT,in,290,82,0.9367088607594937,0.9390243902439024,0.9919616726010019,0.9916716240333135
0,tfidf_lr,R_S,0,0,0,S,ISOT,McIntire,cross,290,192,0.652542372881356,0.5729166666666666,0.5459111681076153,0.5830078125
0,tfidf_lr,R_S,0,0,0,S,ISOT,WELFake_residual,cross,290,190,0.6785714285714286,0.6210526315789474,0.6416056747530315,0.6746814404432134
0,tfidf_lr,R_S,0,0,0,S,McIntire,ISOT,cross,292,192,0.538860103626943,0.5364583333333334,0.5756283450236431,0.5638020833333334
0,tfidf_lr,R_S,0,0,0,S,McIntire,McIntire,in,292,80,0.7654320987654321,0.7625,0.8832252992751571,0.881875
0,tfidf_lr,R_S,0,0,0,S,McIntire,WELFake_residual,cross,292,190,0.7559808612440191,0.7315789473684211,0.8691765159262559,0.8434349030470915
0,tfidf_lr,R_S,0,0,0,S,WELFake_residual,ISOT,cross,288,192,0.5882352941176471,0.5989583333333334,0.6273876163991641,0.6780598958333333
0,tfidf_lr,R_S,0,0,0,S,WELFake_residual,McIntire,cross,288,192,0.7939698492462312,0.7864583333333334,0.8939409396984102,0.8865017361111112
0,tfidf_lr,R_S,0,0,0,S,WELFake_residual,WELFake_residual,in,288,84,0.8108108108108109,0.8333333333333334,0.9352689737346037,0.9223356009070295
0,tfidf_lr,R_E,0,0,0,E,ISOT,ISOT,in,290,82,0.9487179487179487,0.9512195121951219,0.997094373767658,0.9970255800118977
0,tfidf_lr,R_E,0,0,0,E,ISOT,McIntire,cross,290,192,0.6831275720164609,0.5989583333333334,0.6103402813313374,0.6368272569444444
0,tfidf_lr,R_E,0,0,0,E,ISOT,WELFake_residual,cross,290,190,0.6960352422907489,0.6368421052631579,0.6436242491717845,0.6771191135734071
0,tfidf_lr,R_E,0,0,0,E,McIntire,ISOT,cross,292,192,0.6473429951690821,0.6197916666666666,0.6952367534742718,0.6848958333333334
0,tfidf_lr,R_E,0,0,0,E,McIntire,McIntire,in,292,80,0.8095238095238095,0.8,0.9070275441266233,0.9162499999999999
0,tfidf_lr,R_E,0,0,0,E,McIntire,WELFake_residual,cross,292,190,0.7076923076923077,0.7,0.808524068976294,0.7859279778393352
0,tfidf_lr,R_E,0,0,0,E,WELFake_residual,ISOT,cross,288,192,0.5487804878048781,0.6145833333333334,0.6507115165804243,0.7113715277777778
0,tfidf_lr,R_E,0,0,0,E,WELFake_residual,McIntire,cross,288,192,0.8241206030150754,0.8177083333333334,0.9066179778597554,0.906467013888889
0,tfidf_lr,R_E,0,0,0,E,WELFake_residual,WELFake_residual,in,288,84,0.7733333333333333,0.7976190476190477,0.9223650023012699,0.9121315192743764
0,tfidf_lr,R_SE,0,0,0,SE,ISOT,ISOT,in,290,82,0.9620253164556962,0.9634146341463414,0.9962914678446214,0.9958358120166567
0,tfidf_lr,R_SE,0,0,0,SE,ISOT,McIntire,cross,290,192,0.6556016597510373,0.5677083333333334,0.5463989809280397,0.5768229166666667
0,tfidf_lr,R_SE,0,0,0,SE,ISOT,WELFake_residual,cross,290,190,0.6146788990825688,0.5578947368421052,0.5753641478478679,0.5972299168975069
0,tfidf_lr,R_SE,0,0,0,SE,McIntire,ISOT,cross,292,192,0.631578947368421,0.6354166666666666,0.679118756332175,0.6792534722222222
0,tfidf_lr,R_SE,0,0,0,SE,McIntire,McIntire,in,292,80,0.7945205479452054,0.8125,0.9460146899680623,0.9437500000000001
0,tfidf_lr,R_SE,0,0,0,SE,McIntire,WELFake_residual,cross,292,190,0.736318407960199,0.7210526315789474,0.8497066195085863,0.8171745152354571
0,tfidf_lr,R_SE,0,0,0,SE,WELFake_residual,ISOT,cross,288,192,0.5828571428571429,0.6197916666666666,0.695870158695572,0.7057291666666667
0,tfidf_lr,R_SE,0,0,0,SE,WELFake_residual,McIntire,cross,288,192,0.8527918781725888,0.8489583333333334,0.9094318493499667,0.9191623263888888
0,tfidf_lr,R_SE,0,0,0,SE,WELFake_residual,WELFake_residual,in,288,84,0.7894736842105263,0.8095238095238095,0.9157923706853957,0.9041950113378685
1,tfidf_lr,C0,0,0,0,,ISOT,ISOT,in,288,90,0.945054945054945,0.9444444444444444,0.9758729717974104,0.9817283950617284
1,tfidf_lr,C0,0,0,0,,ISOT,McIntire,cross,288,192,0.6416666666666667,0.5520833333333334,0.5566861899595021,0.5366753472222222
1,tfidf_lr,C0,0,0,0,,ISOT,WELFake_residual,cross,288,190,0.6118721461187214,0.5526315789473685,0.5553453877709846,0.5783933518005542
1,tfidf_lr,C0,0,0,0,,McIntire,ISOT,cross,284,192,0.5978260869565217,0.6145833333333334,0.6663956276504182,0.6476779513888891
1,tfidf_lr,C0,0,0,0,,McIntire,McIntire,in,284,70,0.9393939393939394,0.9428571428571428,0.9864675940306193,0.9828571428571429
1,tfidf_lr,C0,0,0,0,,McIntire,WELFake_residual,cross,284,190,0.7821782178217822,0.7684210526315789,0.9039532049175222,0.8773407202216066
1,tfidf_lr,C0,0,0,0,,WELFake_residual,ISOT,cross,288,192,0.6144578313253012,0.6666666666666666,0.7647058287225175,0.750217013888889
1,tfidf_lr,C0,0,0,0,,WELFake_residual,McIntire,cross,288,192,0.8155339805825242,0.8020833333333334,0.921595366988559,0.91796875
1,tfidf_lr,C0,0,0,0,,WELFake_residual,WELFake_residual,in,288,70,0.8571428571428571,0.8714285714285714,0.9735902221930262,0.9746938775510204
1,tfidf_lr,S,1,0,0,,ISOT,ISOT,in,288,90,0.9318181818181818,0.9333333333333333,0.9626115236912485,0.9708641975308642
1,tfidf_lr,S,1,0,0,,ISOT,McIntire,cross,288,192,0.6585365853658537,0.5625,0.5785588438370364,0.5709635416666667
1,tfidf_lr,S,1,0,0,,ISOT,WELFake_residual,cross,288,190,0.6306306306306306,0.5684210526315789,0.655373104016538,0.6333518005540166
1,tfidf_lr,S,1,0,0,,McIntire,ISOT,cross,284,192,0.6021505376344086,0.6145833333333334,0.6720213667965876,0.654079861111111
1,tfidf_lr,S,1,0,0,,McIntire,McIntire,in,284,70,0.875,0.8857142857142857,0.9725236334600288,0.9706122448979592
1,tfidf_lr,S,1,0,0,,McIntire,WELFake_residual,cross,284,190,0.751269035532995,0.7421052631578947,0.8576395148156319,0.8285872576177286
1,tfidf_lr,S,1,0,0,,WELFake_residual,ISOT,cross,288,192,0.5625,0.6354166666666666,0.719124845789521,0.7415364583333335
1,tfidf_lr,S,1,0,0,,WELFake_residual,McIntire,cross,288,192,0.8241206030150754,0.8177083333333334,0.9077077342667184,0.9055989583333334
1,tfidf_lr,S,1,0,0,,WELFake_residual,WELFake_residual,in,288,70,0.8571428571428571,0.8571428571428571,0.9562074325847367,0.9551020408163265
1,tfidf_lr,L,0,1,0,,ISOT,ISOT,in,288,90,0.9425287356321839,0.9444444444444444,0.9961404773496112,0.9960493827160494
1,tfidf_lr,L,0,1,0,,ISOT,McIntire,cross,288,192,0.6778242677824268,0.5989583333333334,0.678404972221579,0.6710069444444444
1,tfidf_lr,L,0,1,0,,ISOT,WELFake_residual,cross,288,190,0.6071428571428571,0.5368421052631579,0.5742934449041505,0.5706371191135734
1,tfidf_lr,L,0,1,0,,McIntire,ISOT,cross,284,192,0.708994708994709,0.7135416666666666,0.781150524904222,0.7828776041666667
1,tfidf_lr,L,0,1,0,,McIntire,McIntire,in,284,70,0.8732394366197183,0.8714285714285714,0.972464987986204,0.9673469387755103
1,tfidf_lr,L,0,1,0,,McIntire,WELFake_residual,cross,284,190,0.759825327510917,0.7105263157894737,0.8622286204207051,0.8520775623268698
1,tfidf_lr,L,0,1,0,,WELFake_residual,ISOT,cross,288,192,0.5157232704402516,0.5989583333333334,0.6551169400641967,0.693142361111111
1,tfidf_lr,L,0,1,0,,WELFake_residual,McIntire,cross,288,192,0.7926267281105991,0.765625,0.8757100058296232,0.870876736111111
1,tfidf_lr,L,0,1,0,,WELFake_residual,WELFake_residual,in,288,70,0.821917808219178,0.8142857142857143,0.9197057975335946,0.9281632653061225
1,tfidf_lr,E,0,0,1,,ISOT,ISOT,in,288,90,0.9347826086956522,0.9333333333333333,0.9504450046577975,0.9708641975308642
1,tfidf_lr,E,0,0,1,,ISOT,McIntire,cross,288,192,0.6079295154185022,0.5364583333333334,0.5715305150891958,0.554904513888889
1,tfidf_lr,E,0,0,1,,ISOT,WELFake_residual,cross,288,190,0.6126126126126126,0.5473684210526316,0.5051352553392428,0.536398891966759
1,tfidf_lr,E,0,0,1,,McIntire,ISOT,cross,284,192,0.6455026455026455,0.6510416666666666,0.7173300964107269,0.71875
1,tfidf_lr,E,0,0,1,,McIntire,McIntire,in,284,70,0.90625,0.9142857142857143,0.9840999643631223,0.9828571428571429
1,tfidf_lr,E,0,0,1,,McIntire,WELFake_residual,cross,284,190,0.7425742574257426,0.7263157894736842,0.8556694263284077,0.8396675900277009
1,tfidf_lr,E,0,0,1,,WELFake_residual,ISOT,cross,288,192,0.4810126582278481,0.5729166666666666,0.6337872757570089,0.66796875
1,tfidf_lr,E,0,0,1,,WELFake_residual,McIntire,cross,288,192,0.768361581920904,0.7864583333333334,0.8880363969811361,0.8983289930555555
1,tfidf_lr,E,0,0,1,,WELFake_residual,WELFake_residual,in,288,70,0.8059701492537313,0.8142857142857143,0.9350395479633654,0.9314285714285715
1,tfidf_lr,SL,1,1,0,,ISOT,ISOT,in,288,90,0.9438202247191011,0.9444444444444444,0.969985279714543,0.9723456790123456
1,tfidf_lr,SL,1,1,0,,ISOT,McIntire,cross,288,192,0.6578947368421053,0.59375,0.6056527320089253,0.6177300347222222
1,tfidf_lr,SL,1,1,0,,ISOT,WELFake_residual,cross,288,190,0.658008658008658,0.5842105263157895,0.6302872680507566,0.6390027700831025
1,tfidf_lr,SL,1,1,0,,McIntire,ISOT,cross,284,192,0.7005649717514124,0.7239583333333334,0.8158282686272301,0.789279513888889
1,tfidf_lr,SL,1,1,0,,McIntire,McIntire,in,284,70,0.8571428571428571,0.8571428571428571,0.9407835776670868,0.9355102040816327
1,tfidf_lr,SL,1,1,0,,McIntire,WELFake_residual,cross,284,190,0.7727272727272727,0.7368421052631579,0.9142413355017532,0.8863157894736842
1,tfidf_lr,SL,1,1,0,,WELFake_residual,ISOT,cross,288,192,0.6751592356687898,0.734375,0.8094865729740524,0.8080512152777777
1,tfidf_lr,SL,1,1,0,,WELFake_residual,McIntire,cross,288,192,0.7186147186147186,0.6614583333333334,0.8110788339882167,0.797092013888889
1,tfidf_lr,SL,1,1,0,,WELFake_residual,WELFake_residual,in,288,70,0.8611111111111112,0.8571428571428571,0.9329721867260596,0.9453061224489796
1,tfidf_lr,SE,1,0,1,,ISOT,ISOT,in,288,90,0.9230769230769231,0.9222222222222223,0.9409084065297875,0.9664197530864198
1,tfidf_lr,SE,1,0,1,,ISOT,McIntire,cross,288,192,0.6527196652719666,0.5677083333333334,0.5871887766441156,0.5914713541666666
1,tfidf_lr,SE,1,0,1,,ISOT,WELFake_residual,cross,288,190,0.6118721461187214,0.5526315789473685,0.5540671775731569,0.5858171745152355
1,tfidf_lr,SE,1,0,1,,McIntire,ISOT,cross,284,192,0.6810810810810811,0.6927083333333334,0.7571486519798027,0.7528211805555556
1,tfidf_lr,SE,1,0,1,,McIntire,McIntire,in,284,70,0.9230769230769231,0.9285714285714286,0.982561536242404,0.9795918367346939
1,tfidf_lr,SE,1,0,1,,McIntire,WELFake_residual,cross,284,190,0.7486631016042781,0.7526315789473684,0.8341061132316774,0.8159556786703601
1,tfidf_lr,SE,1,0,1,,WELFake_residual,ISOT,cross,288,192,0.5590062111801242,0.6302083333333334,0.7332528581135106,0.748263888888889
1,tfidf_lr,SE,1,0,1,,WELFake_residual,McIntire,cross,288,192,0.8020833333333334,0.8020833333333334,0.875640267390484,0.8697916666666665
1,tfidf_lr,SE,1,0,1,,WELFake_residual,WELFake_residual,in,288,70,0.8181818181818182,0.8285714285714286,0.9093325936073571,0.9134693877551021
1,tfidf_lr,LE,0,1,1,,ISOT,ISOT,in,288,90,0.9555555555555556,0.9555555555555556,0.9360169028660432,0.971358024691358
1,tfidf_lr,LE,0,1,1,,ISOT,McIntire,cross,288,192,0.6899563318777293,0.6302083333333334,0.6668594609180571,0.6790364583333334
1,tfidf_lr,LE,0,1,1,,ISOT,WELFake_residual,cross,288,190,0.6343612334801763,0.5631578947368421,0.6390662438354903,0.6403324099722992
1,tfidf_lr,LE,0,1,1,,McIntire,ISOT,cross,284,192,0.7630057803468208,0.7864583333333334,0.8506575316872778,0.8756510416666667
1,tfidf_lr,LE,0,1,1,,McIntire,McIntire,in,284,70,0.9166666666666666,0.9142857142857143,0.9636197571302216,0.96
1,tfidf_lr,LE,0,1,1,,McIntire,WELFake_residual,cross,284,190,0.7224669603524229,0.6684210526315789,0.8269613895584146,0.81606648199446
1,tfidf_lr,LE,0,1,1,,WELFake_residual,ISOT,cross,288,192,0.5620915032679739,0.6510416666666666,0.7779277146597021,0.7509765624999999
1,tfidf_lr,LE,0,1,1,,WELFake_residual,McIntire,cross,288,192,0.7162790697674418,0.6822916666666666,0.7631506050515042,0.7588975694444444
1,tfidf_lr,LE,0,1,1,,WELFake_residual,WELFake_residual,in,288,70,0.8405797101449275,0.8428571428571429,0.9113042449583708,0.9061224489795918
1,tfidf_lr,SLE,1,1,1,,ISOT,ISOT,in,288,90,0.9333333333333333,0.9333333333333333,0.9856092592354662,0.9841975308641975
1,tfidf_lr,SLE,1,1,1,,ISOT,McIntire,cross,288,192,0.6519823788546255,0.5885416666666666,0.6425469853808033,0.6309678819444444
1,tfidf_lr,SLE,1,1,1,,ISOT,WELFake_residual,cross,288,190,0.6403508771929824,0.5684210526315789,0.6239858074079931,0.6177285318559557
1,tfidf_lr,SLE,1,1,1,,McIntire,ISOT,cross,284,192,0.7314285714285714,0.7552083333333334,0.8558296521506744,0.8495008680555555
1,tfidf_lr,SLE,1,1,1,,McIntire,McIntire,in,284,70,0.8493150684931506,0.8428571428571429,0.9325639271604858,0.92
1,tfidf_lr,SLE,1,1,1,,McIntire,WELFake_residual,cross,284,190,0.7772511848341233,0.7526315789473684,0.856336282676277,0.8331301939058172
1,tfidf_lr,SLE,1,1,1,,WELFake_residual,ISOT,cross,288,192,0.6419753086419753,0.6979166666666666,0.7979738794828677,0.8274739583333334
1,tfidf_lr,SLE,1,1,1,,WELFake_residual,McIntire,cross,288,192,0.7685185185185185,0.7395833333333334,0.8556044166201402,0.845486111111111
1,tfidf_lr,SLE,1,1,1,,WELFake_residual,WELFake_residual,in,288,70,0.8115942028985508,0.8142857142857143,0.884786329295751,0.8906122448979592
1,tfidf_lr,R_S,0,0,0,S,ISOT,ISOT,in,288,90,0.9425287356321839,0.9444444444444444,0.9942360380671231,0.994074074074074
1,tfidf_lr,R_S,0,0,0,S,ISOT,McIntire,cross,288,192,0.6228070175438597,0.5520833333333334,0.5355294244444747,0.5626085069444445
1,tfidf_lr,R_S,0,0,0,S,ISOT,WELFake_residual,cross,288,190,0.6422018348623854,0.5894736842105263,0.5906173758982546,0.6146260387811635
1,tfidf_lr,R_S,0,0,0,S,McIntire,ISOT,cross,284,192,0.6231155778894473,0.609375,0.6596381107172309,0.6551649305555557
1,tfidf_lr,R_S,0,0,0,S,McIntire,McIntire,in,284,70,0.9253731343283582,0.9285714285714286,0.9665203488414055,0.9608163265306122
1,tfidf_lr,R_S,0,0,0,S,McIntire,WELFake_residual,cross,284,190,0.8349514563106796,0.8210526315789474,0.8995866868393996,0.8948476454293628
1,tfidf_lr,R_S,0,0,0,S,WELFake_residual,ISOT,cross,288,192,0.6593406593406593,0.6770833333333334,0.7542522349220324,0.7775607638888888
1,tfidf_lr,R_S,0,0,0,S,WELFake_residual,McIntire,cross,288,192,0.8125,0.8125,0.8921105716939233,0.8866102430555556
1,tfidf_lr,R_S,0,0,0,S,WELFake_residual,WELFake_residual,in,288,70,0.9117647058823529,0.9142857142857143,0.9746583333474699,0.9771428571428571
1,tfidf_lr,R_E,0,0,0,E,ISOT,ISOT,in,288,90,0.9318181818181818,0.9333333333333333,0.9779888619890238,0.9822222222222222
1,tfidf_lr,R_E,0,0,0,E,ISOT,McIntire,cross,288,192,0.6239316239316239,0.5416666666666666,0.5298288799341881,0.5417751736111112
1,tfidf_lr,R_E,0,0,0,E,ISOT,WELFake_residual,cross,288,190,0.6124401913875598,0.5736842105263158,0.6378230901775662,0.6172853185595568
1,tfidf_lr,R_E,0,0,0,E,McIntire,ISOT,cross,284,192,0.6338797814207651,0.6510416666666666,0.6885593298793564,0.7100694444444444
1,tfidf_lr,R_E,0,0,0,E,McIntire,McIntire,in,284,70,0.8571428571428571,0.8714285714285714,0.9794964557931469,0.9763265306122448
1,tfidf_lr,R_E,0,0,0,E,McIntire,WELFake_residual,cross,284,190,0.7839195979899497,0.7736842105263158,0.8862026815643276,0.8712465373961219
1,tfidf_lr,R_E,0,0,0,E,WELFake_residual,ISOT,cross,288,192,0.644808743169399,0.6614583333333334,0.7066533292217391,0.7225477430555556
1,tfidf_lr,R_E,0,0,0,E,WELFake_residual,McIntire,cross,288,192,0.8241206030150754,0.8177083333333334,0.9075697487183211,0.9032118055555556
1,tfidf_lr,R_E,0,0,0,E,WELFake_residual,WELFake_residual,in,288,70,0.8529411764705882,0.8571428571428571,0.9548004702415818,0.96
1,tfidf_lr,R_SE,0,0,0,SE,ISOT,ISOT,in,288,90,0.9555555555555556,0.9555555555555556,0.981613887035398,0.985679012345679
1,tfidf_lr,R_SE,0,0,0,SE,ISOT,McIntire,cross,288,192,0.680327868852459,0.59375,0.630953651125618,0.6489800347222221
1,tfidf_lr,R_SE,0,0,0,SE,ISOT,WELFake_residual,cross,288,190,0.6311111111111111,0.5631578947368421,0.549523534574788,0.5776177285318559
1,tfidf_lr,R_SE,0,0,0,SE,McIntire,ISOT,cross,284,192,0.660377358490566,0.625,0.7408849231665225,0.7252604166666666
1,tfidf_lr,R_SE,0,0,0,SE,McIntire,McIntire,in,284,70,0.9117647058823529,0.9142857142857143,0.9766053312374635,0.9714285714285713
1,tfidf_lr,R_SE,0,0,0,SE,McIntire,WELFake_residual,cross,284,190,0.75,0.7157894736842105,0.8256215646276734,0.8155124653739613
1,tfidf_lr,R_SE,0,0,0,SE,WELFake_residual,ISOT,cross,288,192,0.5847953216374269,0.6302083333333334,0.6268733121216892,0.6675347222222222
1,tfidf_lr,R_SE,0,0,0,SE,WELFake_residual,McIntire,cross,288,192,0.8105263157894737,0.8125,0.9004152913324786,0.9000651041666666
1,tfidf_lr,R_SE,0,0,0,SE,WELFake_residual,WELFake_residual,in,288,70,0.8787878787878788,0.8857142857142857,0.9613306025519848,0.9551020408163265
