seed,model,cond,S,L,E,T,rand_of,train,test,kind,n_train,n_test,f1,acc,ap,auc
4,tfidf_lr,C0,0,0,0,0,,ISOT,ISOT,in,2992,988,0.973630831643002,0.9736842105263158,0.9954625440635797,0.996016981101149
4,tfidf_lr,C0,0,0,0,0,,ISOT,McIntire,cross,2992,1590,0.6640625,0.5672955974842767,0.5928825460608229,0.6132842846406392
4,tfidf_lr,C0,0,0,0,0,,ISOT,WELFake_residual,cross,2992,1590,0.6626384692849949,0.5786163522012578,0.6143342577666917,0.6346758435188482
4,tfidf_lr,C0,0,0,0,0,,McIntire,ISOT,cross,2988,1590,0.6770149253731343,0.6597484276729559,0.7289115007600718,0.7280961987263161
4,tfidf_lr,C0,0,0,0,0,,McIntire,McIntire,in,2988,836,0.9200463499420626,0.9174641148325359,0.9797120925108941,0.978245690345917
4,tfidf_lr,C0,0,0,0,0,,McIntire,WELFake_residual,cross,2988,1590,0.801078167115903,0.7679245283018868,0.9216551319482951,0.911701277639334
4,tfidf_lr,C0,0,0,0,0,,WELFake_residual,ISOT,cross,2988,1590,0.7134426229508197,0.7251572327044025,0.7861190488431102,0.7975649697401211
4,tfidf_lr,C0,0,0,0,0,,WELFake_residual,McIntire,cross,2988,1590,0.8441019561351512,0.8345911949685535,0.9200573245487444,0.9188117558640877
4,tfidf_lr,C0,0,0,0,0,,WELFake_residual,WELFake_residual,in,2988,990,0.9400826446280992,0.9414141414141414,0.9878416894303758,0.9862258953168044
4,tfidf_lr,L,0,1,0,0,,ISOT,ISOT,in,2992,988,0.9661538461538461,0.9665991902834008,0.9915402341087849,0.9931444540969365
4,tfidf_lr,L,0,1,0,0,,ISOT,McIntire,cross,2992,1590,0.676056338028169,0.5949685534591195,0.6701186591067936,0.6850361931885606
4,tfidf_lr,L,0,1,0,0,,ISOT,WELFake_residual,cross,2992,1590,0.6632600919775166,0.5855345911949685,0.6542688943277488,0.6580578299909023
4,tfidf_lr,L,0,1,0,0,,McIntire,ISOT,cross,2988,1590,0.7045604758757436,0.7188679245283018,0.8156349661261987,0.7896064237965271
4,tfidf_lr,L,0,1,0,0,,McIntire,McIntire,in,2988,836,0.9254079254079254,0.9234449760765551,0.9766178645368684,0.9756701998580619
4,tfidf_lr,L,0,1,0,0,,McIntire,WELFake_residual,cross,2988,1590,0.7819706498951782,0.7383647798742138,0.9016308826252668,0.890760650290732
4,tfidf_lr,L,0,1,0,0,,WELFake_residual,ISOT,cross,2988,1590,0.7895100069013112,0.8081761006289309,0.8954169519945016,0.8902986432498714
4,tfidf_lr,L,0,1,0,0,,WELFake_residual,McIntire,cross,2988,1590,0.8163934426229508,0.7886792452830189,0.9113291029202018,0.9076919425655631
4,tfidf_lr,L,0,1,0,0,,WELFake_residual,WELFake_residual,in,2988,990,0.9437052200614124,0.9444444444444444,0.9851026455448608,0.9859687786960514
4,tfidf_lr,E,0,0,1,0,,ISOT,ISOT,in,2992,988,0.9618949536560247,0.9625506072874493,0.99147860875375,0.9925052041502074
4,tfidf_lr,E,0,0,1,0,,ISOT,McIntire,cross,2992,1590,0.6570545829042225,0.5811320754716981,0.6018830391773269,0.6349495668683992
4,tfidf_lr,E,0,0,1,0,,ISOT,WELFake_residual,cross,2992,1590,0.6470891293147862,0.5691823899371069,0.6100018867270307,0.6241825877140936
4,tfidf_lr,E,0,0,1,0,,McIntire,ISOT,cross,2988,1590,0.7260012714558169,0.7289308176100628,0.802751762994287,0.800979391637989
4,tfidf_lr,E,0,0,1,0,,McIntire,McIntire,in,2988,836,0.9078179696616102,0.9055023923444976,0.9655222876173649,0.9659520157505552
4,tfidf_lr,E,0,0,1,0,,McIntire,WELFake_residual,cross,2988,1590,0.8164835164835165,0.789937106918239,0.9230596147056523,0.9170096119615523
4,tfidf_lr,E,0,0,1,0,,WELFake_residual,ISOT,cross,2988,1590,0.742040285899935,0.7503144654088051,0.8178537175866212,0.8265970491673589
4,tfidf_lr,E,0,0,1,0,,WELFake_residual,McIntire,cross,2988,1590,0.8557806912991657,0.8477987421383648,0.9242707901231637,0.9283999841778412
4,tfidf_lr,E,0,0,1,0,,WELFake_residual,WELFake_residual,in,2988,990,0.9019607843137255,0.9040404040404041,0.9711864238127128,0.9701663095602491
4,tfidf_lr,LE,0,1,1,0,,ISOT,ISOT,in,2992,988,0.9648760330578512,0.9655870445344129,0.9919441546256825,0.99366896687374
4,tfidf_lr,LE,0,1,1,0,,ISOT,McIntire,cross,2992,1590,0.6959247648902821,0.6339622641509434,0.6996868570288735,0.70999881333808
4,tfidf_lr,LE,0,1,1,0,,ISOT,WELFake_residual,cross,2992,1590,0.6913199794555727,0.6220125786163522,0.6883205401591929,0.7017333175111744
4,tfidf_lr,LE,0,1,1,0,,McIntire,ISOT,cross,2988,1590,0.7581329561527581,0.7849056603773585,0.8918527048584568,0.8753356275463786
4,tfidf_lr,LE,0,1,1,0,,McIntire,McIntire,in,2988,836,0.9074074074074074,0.9043062200956937,0.969071212091528,0.9709198507360179
4,tfidf_lr,LE,0,1,1,0,,McIntire,WELFake_residual,cross,2988,1590,0.7975995635570103,0.7666666666666667,0.9077446309549426,0.8966180135279458
4,tfidf_lr,LE,0,1,1,0,,WELFake_residual,ISOT,cross,2988,1590,0.7748391708363116,0.8018867924528302,0.9032457302517489,0.8912732882401804
4,tfidf_lr,LE,0,1,1,0,,WELFake_residual,McIntire,cross,2988,1590,0.8142695356738392,0.7937106918238994,0.9046468240254305,0.8984913571456825
4,tfidf_lr,LE,0,1,1,0,,WELFake_residual,WELFake_residual,in,2988,990,0.9139344262295082,0.9151515151515152,0.9759583597512128,0.9767329864299562
4,tfidf_lr,R_E,0,0,0,0,E,ISOT,ISOT,in,2992,988,0.9653061224489796,0.9655870445344129,0.9934055775552336,0.9943205100886755
4,tfidf_lr,R_E,0,0,0,0,E,ISOT,McIntire,cross,2992,1590,0.6680020030045067,0.5830188679245283,0.629668544407784,0.6454428226731539
4,tfidf_lr,R_E,0,0,0,0,E,ISOT,WELFake_residual,cross,2992,1590,0.6515609264853978,0.5647798742138365,0.5949418199812836,0.6174550057355326
4,tfidf_lr,R_E,0,0,0,0,E,McIntire,ISOT,cross,2988,1590,0.6722588376273217,0.6559748427672956,0.7222267710915795,0.7241833788220403
4,tfidf_lr,R_E,0,0,0,0,E,McIntire,McIntire,in,2988,836,0.9232558139534883,0.9210526315789473,0.9769907189792572,0.9766889494288133
4,tfidf_lr,R_E,0,0,0,0,E,McIntire,WELFake_residual,cross,2988,1590,0.8187261839956451,0.7905660377358491,0.9239910425127269,0.9161204066294846
4,tfidf_lr,R_E,0,0,0,0,E,WELFake_residual,ISOT,cross,2988,1590,0.7090084251458199,0.7176100628930817,0.7921280126998403,0.799925635853012
4,tfidf_lr,R_E,0,0,0,0,E,WELFake_residual,McIntire,cross,2988,1590,0.8491228070175438,0.8377358490566038,0.9235097973248089,0.9256152842055299
4,tfidf_lr,R_E,0,0,0,0,E,WELFake_residual,WELFake_residual,in,2988,990,0.9261186264308012,0.9282828282828283,0.985164439802086,0.9833649627589022
4,tfidf_lr,R_SE,0,0,0,0,SE,ISOT,ISOT,in,2992,988,0.9682051282051282,0.9686234817813765,0.9954473134078751,0.9958243865659165
4,tfidf_lr,R_SE,0,0,0,0,SE,ISOT,McIntire,cross,2992,1590,0.6577247888723299,0.5666666666666667,0.6089649912253631,0.623843993512915
4,tfidf_lr,R_SE,0,0,0,0,SE,ISOT,WELFake_residual,cross,2992,1590,0.6517311608961304,0.569811320754717,0.6298265640970663,0.6338657489814485
4,tfidf_lr,R_SE,0,0,0,0,SE,McIntire,ISOT,cross,2988,1590,0.6698737221888154,0.6547169811320754,0.7354669206817812,0.7275313476523871
4,tfidf_lr,R_SE,0,0,0,0,SE,McIntire,McIntire,in,2988,836,0.9122401847575058,0.9090909090909091,0.9738430631176752,0.972488038277512
4,tfidf_lr,R_SE,0,0,0,0,SE,McIntire,WELFake_residual,cross,2988,1590,0.8,0.7685534591194969,0.9092826347192914,0.8994675843518848
4,tfidf_lr,R_SE,0,0,0,0,SE,WELFake_residual,ISOT,cross,2988,1590,0.704885993485342,0.7150943396226415,0.780681382446709,0.7880748388117559
4,tfidf_lr,R_SE,0,0,0,0,SE,WELFake_residual,McIntire,cross,2988,1590,0.8434285714285714,0.8276729559748428,0.9243630866523076,0.9226549582690557
4,tfidf_lr,R_SE,0,0,0,0,SE,WELFake_residual,WELFake_residual,in,2988,990,0.9314227226202662,0.9323232323232323,0.9824829567888909,0.9817324762779307
