outcome,cond,share_removed
gap_auc,S,"+0.164 [+0.055, +0.273] (5/5)"
gap_auc,L,"+0.074 [-0.096, +0.243] (4/5)"
gap_auc,E,"+0.044 [-0.082, +0.170] (3/5)"
gap_auc,SL,"+0.177 [+0.091, +0.262] (5/5)"
gap_auc,SE,"+0.147 [+0.085, +0.209] (5/5)"
gap_auc,LE,"+0.076 [-0.121, +0.274] (4/5)"
gap_auc,SLE,"+0.169 [+0.084, +0.254] (5/5)"
gap_f1,S,"+0.078 [+0.024, +0.132] (5/5)"
gap_f1,L,"-0.010 [-0.086, +0.066] (2/5)"
gap_f1,E,"+0.120 [+0.053, +0.187] (5/5)"
gap_f1,SL,"+0.107 [+0.070, +0.144] (5/5)"
gap_f1,SE,"+0.139 [+0.062, +0.216] (5/5)"
gap_f1,LE,"+0.128 [+0.039, +0.217] (5/5)"
gap_f1,SLE,"+0.135 [+0.061, +0.209] (5/5)"
