cond,in_auc_mean,cross_auc_mean,cross_auc_ci_lo,cross_auc_ci_hi,gap_auc_mean,gap_auc_ci_lo,gap_auc_ci_hi,in_f1_mean,cross_f1_mean,cross_f1_ci_lo,cross_f1_ci_hi,gap_f1_mean,gap_f1_ci_lo,gap_f1_ci_hi,n_seeds
C0,0.9588398893508019,0.7364772995056172,0.5022793662040649,0.9706752328071696,0.22236258984518484,-0.27764807675414704,0.7223732564445168,0.9002684558240114,0.6902678283974317,0.5249346057253309,0.8556010510695325,0.2100006274265797,-0.12807926858609342,0.5480805234392528,2
S,0.9542915074976017,0.7364609843894275,0.5518583700427392,0.9210635987361159,0.2178305231081742,-0.09914948779142818,0.5348105340077766,0.8737386463242447,0.6876237696298015,0.5465227385784783,0.8287248006811248,0.1861148766944432,-0.0916847262164946,0.463914479605381,2
L,0.9610401770835315,0.7513113209513184,0.6088967932601608,0.893725848642476,0.20972885613221326,0.031571539253251235,0.3878861730111753,0.8805545505173686,0.6899557027822353,0.5256283545284388,0.8542830510360317,0.19059884773513333,0.04311853385790296,0.33807916161236373,2
E,0.9425556914678386,0.7192831648520057,0.5081902203722455,0.930376109331766,0.2232725266158329,-0.23128331819773124,0.6778283714293971,0.8560721931286983,0.6662820047439393,0.3704418360135025,0.9621221734743761,0.1897901883847589,-0.439741085421093,0.8193214621906109,2
SL,0.9452537106307773,0.7606710929083949,0.6835063952393388,0.837835790577451,0.1845826177223825,0.06137799773342223,0.30778723771134275,0.8835689245964253,0.7000957784006363,0.695483898518759,0.7047076582825136,0.18347314619578906,0.1307156811558692,0.2362306112357089,2
SE,0.942218317811992,0.7265672430459372,0.7184883249331168,0.7346461611587577,0.21565107476605477,0.06644920584836914,0.36485294368374044,0.8636887525614383,0.6859804615140535,0.5703480782305741,0.8016128447975328,0.17770829104738478,-0.12525935442128688,0.48067593651605645,2
LE,0.9454184904879763,0.7643216282093208,0.6267362060557353,0.9019070503629063,0.1810968622786554,0.038323063843405586,0.32387066071390525,0.8920910082126231,0.6920934817840767,0.5557135263558524,0.828473437212301,0.19999752642854635,-0.09109702246850337,0.49109207532559607,2
SLE,0.9270156796579649,0.7668134626359393,0.7535637273255338,0.7800631979463448,0.1602022170220257,0.11841308633771594,0.20199134770633545,0.8614703515338332,0.7050720576334467,0.6627431016079771,0.7474010136589163,0.15639829390038643,0.11760254968730019,0.19519403811347266,2
R_S,0.9547923091789796,0.7184611731494307,0.5497149116988113,0.8872074346000501,0.23633113602954897,0.10678734331853112,0.3658749287405668,0.8839542239311664,0.6833630645279448,0.48849546212857753,0.8782306669273121,0.20059115940322159,-0.1458420951863924,0.5470244139928355,2
R_E,0.9573259753534569,0.7307287288316278,0.692109595262669,0.7693478624005865,0.2265972465218291,-0.009268040292658153,0.4624625333363164,0.8622462178344532,0.6858499790752439,0.6689069613909713,0.7027929967595166,0.1763962387592093,-0.04030058084032423,0.3930930583587428,2
R_SE,0.9583054280210846,0.7180380641960347,0.6732129086363567,0.7628632197557126,0.24026736382505004,0.1409701287425006,0.3395645989075995,0.8763369637815355,0.6817029566992991,0.6444925729802581,0.7189133404183402,0.19463400708223624,-0.20855695110002095,0.5978249652644935,2
T,0.9657493881386765,0.7398786164973838,0.712813199465816,0.7669440335289517,0.2258707716412927,0.13232804876044368,0.31941349452214174,0.87565569559346,0.6971511665364651,0.683609137022898,0.7106931960500322,0.17850452905699485,0.09670844980052903,0.2603006083134607,2
SLET,0.9271117953344997,0.7471861975159023,0.6723424835559079,0.8220299114758968,0.17992559781859732,0.009339668575723159,0.3505115270614715,0.8342824531892752,0.6919010660648907,0.6387417266638585,0.7450604054659228,0.1423813871243845,-0.16058878203363972,0.44535155628240874,2
R_T,0.965162358363451,0.7093856392912563,0.6741701534700237,0.7446011251124889,0.25577671907219474,0.01719814476039941,0.4943552933839901,0.8868234973838423,0.6700166642707446,0.6187161629923223,0.7213171655491668,0.21680683311309765,0.012272594488711097,0.4213410717374842,2
S_W,0.9465991965662448,0.7329664225611086,0.6670016485398145,0.7989311965824026,0.2136327740051362,0.007478207886427363,0.419787340123845,0.8587450661816112,0.6904490924893618,0.6710171619568605,0.7098810230218632,0.1682959736922493,-0.37204141223121484,0.7086333596157135,2
S_B,0.9549912666381541,0.7061568894195008,0.597105536620613,0.8152082422183886,0.24883437721865315,0.16717101988161664,0.33049773455568965,0.8682242465137203,0.6511511946436028,0.5534535568402055,0.7488488324470002,0.21707305187011738,-0.17857357317547184,0.6127196769157066,2
R_W,0.9600696410716665,0.7108430638914538,0.595489090186857,0.8261970375960506,0.24922657718021268,-0.06590387652087804,0.5643570308813034,0.8696285302269533,0.67320223248382,0.655490288050671,0.6909141769169691,0.1964262977431332,-0.1512525748451583,0.5441051703314247,2
R_B,0.9537557343361327,0.7151423885634682,0.6567532456880422,0.7735315314388943,0.23861334577266452,0.0648499037541119,0.4123767877912171,0.8832088771064777,0.6804818735430234,0.6112543360518811,0.7497094110341657,0.2027270035634544,-0.1002005183340739,0.5056545254609828,2
