pair,cond,auc_change_mean,ci_lo,ci_hi,same_sign,n_seeds,formatted
ISOT->McIntire,S,0.023491753472222154,-0.1288558619114322,0.1758393688558765,2,2,"+0.023 [-0.129, +0.176] (2/2)"
ISOT->McIntire,L,0.060601128472222154,-0.8762333027783871,0.9974355597228315,1,2,"+0.061 [-0.876, +0.997] (1/2)"
ISOT->McIntire,E,0.012803819444444364,-0.05613175312734631,0.08173939201623504,2,2,"+0.013 [-0.056, +0.082] (2/2)"
ISOT->McIntire,LE,0.09825303819444436,-0.4621931668141995,0.6586992432030883,2,2,"+0.098 [-0.462, +0.659] (2/2)"
ISOT->McIntire,SLE,0.08544921874999983,-0.02415834163914539,0.19505677913914504,2,2,"+0.085 [-0.024, +0.195] (2/2)"
ISOT->McIntire,R_E,0.0029296874999999445,-0.02464454152871703,0.03050391652871692,2,2,"+0.003 [-0.025, +0.031] (2/2)"
ISOT->WELFake_residual,S,0.03872576177285303,-0.1633064132607204,0.24075793680642646,2,2,"+0.039 [-0.163, +0.241] (2/2)"
ISOT->WELFake_residual,L,-0.020277008310249423,-0.17936854683842898,0.13881453021793014,2,2,"-0.020 [-0.179, +0.139] (2/2)"
ISOT->WELFake_residual,E,-0.020000000000000073,-0.29946610971543225,0.2594661097154321,1,2,"-0.020 [-0.299, +0.259] (1/2)"
ISOT->WELFake_residual,LE,0.024875346260387676,-0.4460637655774561,0.49581445809823144,1,2,"+0.025 [-0.446, +0.496] (1/2)"
ISOT->WELFake_residual,SLE,0.008864265927977732,-0.3543712822160087,0.3720998140719642,1,2,"+0.009 [-0.354, +0.372] (1/2)"
ISOT->WELFake_residual,R_E,0.03174515235457048,-0.059063734681426505,0.12255403939056747,2,2,"+0.032 [-0.059, +0.123] (2/2)"
McIntire->ISOT,S,-0.016981336805555636,-0.3554549981330381,0.32149232452192683,1,2,"-0.017 [-0.355, +0.321] (1/2)"
McIntire->ISOT,L,0.10584852430555541,-0.267092923307822,0.47878997191893286,2,2,"+0.106 [-0.267, +0.479] (2/2)"
McIntire->ISOT,E,0.04503038194444431,-0.285860366400141,0.3759211302890296,2,2,"+0.045 [-0.286, +0.376] (2/2)"
McIntire->ISOT,LE,0.21185980902777768,0.00712115848956521,0.4165984595659902,2,2,"+0.212 [+0.007, +0.417] (2/2)"
McIntire->ISOT,SLE,0.1587456597222221,-0.38584536359490895,0.7033366830393531,2,2,"+0.159 [-0.386, +0.703] (2/2)"
McIntire->ISOT,R_E,0.032118055555555414,-0.3525424393950249,0.4167785505061357,2,2,"+0.032 [-0.353, +0.417] (2/2)"
McIntire->WELFake_residual,S,-0.03036011080332407,-0.27674081206377993,0.2160205904571318,2,2,"-0.030 [-0.277, +0.216] (2/2)"
McIntire->WELFake_residual,L,-0.007146814404432045,-0.23733678386777265,0.22304315505890857,1,2,"-0.007 [-0.237, +0.223] (1/2)"
McIntire->WELFake_residual,E,-0.04160664819944587,-0.09158673331228104,0.008373436913389293,2,2,"-0.042 [-0.092, +0.008] (2/2)"
McIntire->WELFake_residual,LE,-0.044875346260387694,-0.2532430250406581,0.1634923325198827,2,2,"-0.045 [-0.253, +0.163] (2/2)"
McIntire->WELFake_residual,SLE,-0.05091412742382273,-0.08963109476475176,-0.012197160082893711,2,2,"-0.051 [-0.090, -0.012] (2/2)"
McIntire->WELFake_residual,R_E,-0.04155124653739606,-0.49207595741365884,0.4089734643388667,2,2,"-0.042 [-0.492, +0.409] (2/2)"
WELFake_residual->ISOT,S,-0.004231770833333426,-0.06213765179363618,0.05367411012696933,1,2,"-0.004 [-0.062, +0.054] (1/2)"
WELFake_residual->ISOT,L,-0.02012803819444453,-0.4895792874083261,0.44932321101943706,1,2,"-0.020 [-0.490, +0.449] (1/2)"
WELFake_residual->ISOT,E,-0.04850260416666674,-0.47728186556319235,0.38027665722985887,2,2,"-0.049 [-0.477, +0.380] (2/2)"
WELFake_residual->ISOT,LE,0.02907986111111094,-0.3307638277136261,0.388923549935848,2,2,"+0.029 [-0.331, +0.389] (2/2)"
WELFake_residual->ISOT,SLE,0.07194010416666663,0.00024710869200574026,0.14363309964132753,2,2,"+0.072 [+0.000, +0.144] (2/2)"
WELFake_residual->ISOT,R_E,-0.03922526041666674,-0.18605802999457716,0.10760750916124368,2,2,"-0.039 [-0.186, +0.108] (2/2)"
WELFake_residual->McIntire,S,-0.010742187499999833,-0.10173714329476209,0.08025276829476242,2,2,"-0.011 [-0.102, +0.080] (2/2)"
WELFake_residual->McIntire,L,-0.029893663194444475,-0.24841942824701507,0.18863210185812612,2,2,"-0.030 [-0.248, +0.189] (2/2)"
WELFake_residual->McIntire,E,-0.050889756944444475,-0.4479586549579467,0.3461791410690577,2,2,"-0.051 [-0.448, +0.346] (2/2)"
WELFake_residual->McIntire,LE,-0.15212673611111116,-0.2403642690030004,-0.06388920321922194,2,2,"-0.152 [-0.240, -0.064] (2/2)"
WELFake_residual->McIntire,SLE,-0.0920681423611111,-0.2899132356421441,0.10577695091992192,2,2,"-0.092 [-0.290, +0.106] (2/2)"
WELFake_residual->McIntire,R_E,-0.020507812499999944,-0.09357951942609559,0.0525638944260957,2,2,"-0.021 [-0.094, +0.053] (2/2)"
