contrast,outcome,effect_mean,ci_lo,ci_hi,p_t_raw,p_signflip,same_sign,n_seeds,formatted
S - C0,auc,-1.6315116189630436e-05,-0.04961163407105453,0.04957900383867527,0.9973390119390886,1.0,1,2,"-0.000 [-0.050, +0.050] (1/2)"
S - C0,f1,-0.002644058767630196,-0.026876250388408195,0.021588132853147802,0.39780304209033035,0.5,2,2,"-0.003 [-0.027, +0.022] (2/2)"
S - C0,gap_auc,-0.004532066737010667,-0.18756272243674038,0.17849858896271903,0.8059478553087226,1.0,1,2,"-0.005 [-0.188, +0.178] (1/2)"
S - C0,gap_f1,-0.02388575073213651,-0.08416604383387172,0.0363945423695987,0.12482028419943458,0.5,2,2,"-0.024 [-0.084, +0.036] (2/2)"
L - C0,auc,0.014834021445701182,-0.07694938416469438,0.10661742705609675,0.2884892061457892,0.5,2,2,"+0.015 [-0.077, +0.107] (2/2)"
L - C0,f1,-0.00031212561519627924,-0.0013180000334999005,0.000693748803107342,0.15813064880956487,0.5,2,2,"-0.000 [-0.001, +0.001] (2/2)"
L - C0,gap_auc,-0.012633733712971579,-0.33448708343334155,0.30921961600739833,0.7054658236536938,1.0,1,2,"-0.013 [-0.334, +0.309] (1/2)"
L - C0,gap_f1,-0.01940177969144639,-0.21000136182688928,0.17119780244399652,0.4189939055851553,0.5,2,2,"-0.019 [-0.210, +0.171] (2/2)"
E - C0,auc,-0.017194134653611415,-0.04029912347540403,0.005910854168181195,0.06707773282099627,0.5,2,2,"-0.017 [-0.040, +0.006] (2/2)"
E - C0,f1,-0.023985823653492323,-0.1544927697118291,0.10652112240484445,0.25757106401844476,0.5,2,2,"-0.024 [-0.154, +0.107] (2/2)"
E - C0,gap_auc,0.0009099367706480641,-0.04454488501511962,0.04636475855641575,0.8414326425346756,1.0,1,2,"+0.001 [-0.045, +0.046] (1/2)"
E - C0,gap_f1,-0.020210439041820804,-0.3116618168349998,0.27124093875135824,0.5401856042832729,1.0,1,2,"-0.020 [-0.312, +0.271] (1/2)"
LE - C0,auc,0.02784432870370363,-0.06876818244426355,0.12445683985167083,0.16970690828960341,0.5,2,2,"+0.028 [-0.069, +0.124] (2/2)"
LE - C0,f1,0.0018256533866450781,-0.027127613857230285,0.03077892063052044,0.569984135152055,1.0,1,2,"+0.002 [-0.027, +0.031] (1/2)"
LE - C0,gap_auc,-0.041265727566529416,-0.39850259573061164,0.3159711405975528,0.38074859489540536,0.5,2,2,"-0.041 [-0.399, +0.316] (2/2)"
LE - C0,gap_f1,-0.010003100998033355,-0.056988448113656776,0.03698224611759006,0.22541937400959872,0.5,2,2,"-0.010 [-0.057, +0.037] (2/2)"
SE - C0,auc,-0.009910056459679933,-0.23602907164841225,0.21620895872905238,0.6765313129645769,1.0,1,2,"-0.010 [-0.236, +0.216] (1/2)"
SE - C0,f1,-0.004287366883378209,-0.05398820627199822,0.045413472505241796,0.4708386895707807,0.5,2,2,"-0.004 [-0.054, +0.045] (2/2)"
SE - C0,gap_auc,-0.006711515079130082,-0.35752031276077634,0.34409728260251615,0.8481890857089671,1.0,1,2,"-0.007 [-0.358, +0.344] (1/2)"
SE - C0,gap_f1,-0.03229233637919494,-0.06740458692319631,0.002819914164806446,0.05434589119570116,0.5,2,2,"-0.032 [-0.067, +0.003] (2/2)"
SL - C0,auc,0.0241937934027777,-0.13283944222971977,0.18122702903527516,0.30065623130224695,0.5,2,2,"+0.024 [-0.133, +0.181] (2/2)"
SL - C0,f1,0.009827950003204569,-0.1508933927870182,0.17054929279342734,0.5794866899808717,1.0,1,2,"+0.010 [-0.151, +0.171] (1/2)"
SL - C0,gap_auc,-0.037779972122802374,-0.41458601873317424,0.3390260744875695,0.4236670865548451,0.5,2,2,"-0.038 [-0.415, +0.339] (2/2)"
SL - C0,gap_f1,-0.026527481230790656,-0.31184991220354363,0.2587949497419624,0.4471969427664364,0.5,2,2,"-0.027 [-0.312, +0.259] (2/2)"
SLE - C0,auc,0.03033616313032208,-0.19061203486082556,0.25128436112146973,0.3313530864416457,0.5,2,2,"+0.030 [-0.191, +0.251] (2/2)"
SLE - C0,f1,0.014804229236015052,-0.10820003741061561,0.1378084958826457,0.3686789690303949,0.5,2,2,"+0.015 [-0.108, +0.138] (2/2)"
SLE - C0,gap_auc,-0.06216037282315915,-0.5203819087381815,0.3960611630918631,0.33467213835751897,0.5,2,2,"-0.062 [-0.520, +0.396] (2/2)"
SLE - C0,gap_f1,-0.053602333526193285,-0.4304779737519525,0.3232733066995659,0.32175412053470814,0.5,2,2,"-0.054 [-0.430, +0.323] (2/2)"
