pair,evidence,doc_id_a,doc_id_b,is_fake_a,is_fake_b,jaccard,containment
ISOT <-> McIntire,h_text_strip,ISOT-31163,McIntire-1808,0,1,,
ISOT <-> McIntire,h_both_strip,ISOT-31163,McIntire-1808,0,1,,
ISOT <-> McIntire,h_title_light,ISOT-31080,McIntire-1449,0,1,,
ISOT <-> McIntire,h_title_light,ISOT-31151,McIntire-1051,0,1,,
ISOT <-> McIntire,h_title_light,ISOT-31157,McIntire-1666,0,1,,
ISOT <-> McIntire,h_title_light,ISOT-31163,McIntire-1808,0,1,,
ISOT <-> McIntire,h_title_strip,ISOT-31080,McIntire-1449,0,1,,
ISOT <-> McIntire,h_title_strip,ISOT-31151,McIntire-1051,0,1,,
ISOT <-> McIntire,h_title_strip,ISOT-31157,McIntire-1666,0,1,,
ISOT <-> McIntire,h_title_strip,ISOT-31163,McIntire-1808,0,1,,
ISOT <-> McIntire,near_primary,ISOT-31163,McIntire-1808,0,1,1.0,1.0
ISOT <-> McIntire,near_primary,ISOT-31080,McIntire-1449,0,1,0.9689366786140979,0.9950920245398773
ISOT <-> McIntire,near_primary,ISOT-31119,McIntire-2931,0,1,0.9567901234567902,0.9987113402061856
ISOT <-> McIntire,near_primary,ISOT-31151,McIntire-1051,0,1,0.5592783505154639,0.9004149377593361
ISOT <-> McIntire,near_primary,ISOT-15763,McIntire-709,1,0,0.5958702064896755,0.9160997732426304
ISOT <-> McIntire,near_primary,ISOT-31090,McIntire-6293,0,1,0.8823529411764706,0.9375
ISOT <-> McIntire,near_sensitivity,ISOT-31120,McIntire-5767,0,1,0.5101721439749609,0.7244444444444444
ISOT <-> McIntire,near_sensitivity,ISOT-12582,McIntire-217,1,0,0.6440677966101694,0.7835051546391752
ISOT <-> McIntire,near_sensitivity,ISOT-31181,McIntire-4465,0,1,0.5916666666666667,0.7634408602150538
ISOT <-> McIntire,near_sensitivity,ISOT-31157,McIntire-1666,0,1,0.7657657657657657,0.8673469387755102
ISOT <-> WELFake,h_text_strip,ISOT-31163,WELFake-52074,0,1,,
ISOT <-> WELFake,h_both_strip,ISOT-31163,WELFake-52074,0,1,,
ISOT <-> WELFake,h_title_light,ISOT-31080,WELFake-47943,0,1,,
ISOT <-> WELFake,h_title_light,ISOT-31124,WELFake-67520,0,1,,
ISOT <-> WELFake,h_title_light,ISOT-31151,WELFake-23853,0,1,,
ISOT <-> WELFake,h_title_light,ISOT-31157,WELFake-2212,0,1,,
ISOT <-> WELFake,h_title_light,ISOT-31163,WELFake-52074,0,1,,
ISOT <-> WELFake,h_title_strip,ISOT-31080,WELFake-47943,0,1,,
ISOT <-> WELFake,h_title_strip,ISOT-31124,WELFake-67520,0,1,,
ISOT <-> WELFake,h_title_strip,ISOT-31151,WELFake-23853,0,1,,
ISOT <-> WELFake,h_title_strip,ISOT-31157,WELFake-2212,0,1,,
ISOT <-> WELFake,h_title_strip,ISOT-31163,WELFake-52074,0,1,,
ISOT <-> WELFake,near_primary,ISOT-33960,WELFake-3778,0,1,0.5867507886435331,0.9405815423514539
ISOT <-> WELFake,near_primary,ISOT-10631,WELFake-48666,1,0,0.7869955156950673,0.9486486486486486
ISOT <-> WELFake,near_primary,ISOT-31119,WELFake-14503,0,1,0.9567901234567902,0.9987113402061856
ISOT <-> WELFake,near_primary,ISOT-31151,WELFake-23853,0,1,0.5592783505154639,0.9004149377593361
ISOT <-> WELFake,near_primary,ISOT-10590,WELFake-32043,1,0,0.8950617283950617,0.9477124183006536
ISOT <-> WELFake,near_primary,ISOT-31124,WELFake-67520,0,1,0.8461538461538461,0.961352657004831
ISOT <-> WELFake,near_primary,ISOT-31080,WELFake-47943,0,1,0.9689366786140979,0.9950920245398773
ISOT <-> WELFake,near_primary,ISOT-31001,WELFake-51316,0,1,0.6666666666666666,0.9414893617021277
ISOT <-> WELFake,near_primary,ISOT-14380,WELFake-3584,1,0,0.5842433697347894,0.9246913580246914
ISOT <-> WELFake,near_primary,ISOT-25877,WELFake-4436,0,1,0.5561497326203209,1.0
ISOT <-> WELFake,near_primary,ISOT-15763,WELFake-51016,1,0,0.5958702064896755,0.9160997732426304
ISOT <-> WELFake,near_primary,ISOT-10588,WELFake-56745,1,0,0.7838921282798834,0.9650067294751009
ISOT <-> WELFake,near_primary,ISOT-11235,WELFake-51314,1,0,0.6751054852320675,0.9411764705882353
ISOT <-> WELFake,near_primary,ISOT-30569,WELFake-11384,0,1,0.7301587301587301,0.9415204678362573
ISOT <-> WELFake,near_primary,ISOT-10675,WELFake-61960,1,0,0.9462595419847328,0.9834973024436687
ISOT <-> WELFake,near_primary,ISOT-10485,WELFake-54729,1,0,0.7825829383886256,0.9104066161268091
ISOT <-> WELFake,near_primary,ISOT-31163,WELFake-52074,0,1,1.0,1.0
ISOT <-> WELFake,near_primary,ISOT-10254,WELFake-67563,1,0,0.5561497326203209,1.0
ISOT <-> WELFake,near_primary,ISOT-34040,WELFake-3778,0,1,0.5842433697347894,0.9246913580246914
ISOT <-> WELFake,near_primary,ISOT-31113,WELFake-67092,0,1,0.7618384401114207,0.9647266313932981
ISOT <-> WELFake,near_primary,ISOT-14380,WELFake-19187,1,0,0.5867507886435331,0.9405815423514539
ISOT <-> WELFake,near_primary,ISOT-26800,WELFake-35276,0,1,0.9462595419847328,0.9834973024436687
ISOT <-> WELFake,near_primary,ISOT-11477,WELFake-7582,1,0,0.7610062893081762,0.968
ISOT <-> WELFake,near_primary,ISOT-11536,WELFake-62690,1,0,0.5367944748749702,0.9409309121269046
ISOT <-> WELFake,near_primary,ISOT-10582,WELFake-23101,1,0,0.8823529411764706,0.9375
ISOT <-> WELFake,near_primary,ISOT-28609,WELFake-44247,0,1,0.8217821782178217,0.9431818181818182
ISOT <-> WELFake,near_primary,ISOT-31090,WELFake-27934,0,1,0.8823529411764706,0.9375
ISOT <-> WELFake,near_primary,ISOT-11486,WELFake-30614,1,0,0.8217821782178217,0.9431818181818182
ISOT <-> WELFake,near_primary,ISOT-12014,WELFake-14253,1,0,0.8285714285714286,0.90625
ISOT <-> WELFake,near_primary,ISOT-11983,WELFake-13029,1,0,0.8461538461538461,0.9166666666666666
ISOT <-> WELFake,near_primary,ISOT-10856,WELFake-72041,1,0,0.8823529411764706,0.9375
ISOT <-> WELFake,near_primary,ISOT-27215,WELFake-61377,0,1,0.8823529411764706,0.9375
ISOT <-> WELFake,near_primary,ISOT-12492,WELFake-16144,1,0,1.0,1.0
ISOT <-> WELFake,near_primary,ISOT-31041,WELFake-48120,0,1,1.0,1.0
ISOT <-> WELFake,near_sensitivity,ISOT-34151,WELFake-3778,0,1,0.622792937399679,0.9076023391812865
ISOT <-> WELFake,near_sensitivity,ISOT-10570,WELFake-28101,1,0,0.533508541392904,0.7560521415270018
ISOT <-> WELFake,near_sensitivity,ISOT-11669,WELFake-67496,1,0,0.7477477477477478,0.8689320388349514
ISOT <-> WELFake,near_sensitivity,ISOT-16154,WELFake-72096,1,0,0.5919642857142857,0.7727272727272727
ISOT <-> WELFake,near_sensitivity,ISOT-10954,WELFake-66564,1,0,0.7838709677419354,0.9169811320754717
ISOT <-> WELFake,near_sensitivity,ISOT-14561,WELFake-38892,1,0,0.5483870967741935,0.7311827956989247
ISOT <-> WELFake,near_sensitivity,ISOT-10587,WELFake-33552,1,0,0.5221238938053098,0.735202492211838
ISOT <-> WELFake,near_sensitivity,ISOT-10634,WELFake-48248,1,0,0.6520210896309314,0.8548387096774194
ISOT <-> WELFake,near_sensitivity,ISOT-31095,WELFake-49176,0,1,0.6637168141592921,0.8333333333333334
ISOT <-> WELFake,near_sensitivity,ISOT-14380,WELFake-45749,1,0,0.622792937399679,0.9076023391812865
ISOT <-> WELFake,near_sensitivity,ISOT-10641,WELFake-36502,1,0,0.5130434782608696,0.8984771573604061
ISOT <-> WELFake,near_sensitivity,ISOT-34577,WELFake-48787,0,1,0.5483870967741935,0.7311827956989247
ISOT <-> WELFake,near_sensitivity,ISOT-31120,WELFake-6004,0,1,0.5101721439749609,0.7244444444444444
ISOT <-> WELFake,near_sensitivity,ISOT-31181,WELFake-9608,0,1,0.5806451612903226,0.7346938775510204
ISOT <-> WELFake,near_sensitivity,ISOT-11413,WELFake-44138,1,0,0.8285714285714286,0.90625
ISOT <-> WELFake,near_sensitivity,ISOT-11916,WELFake-3331,1,0,0.6346153846153846,0.7764705882352941
ISOT <-> WELFake,near_sensitivity,ISOT-12582,WELFake-46438,1,0,0.6440677966101694,0.7835051546391752
ISOT <-> WELFake,near_sensitivity,ISOT-31157,WELFake-2212,0,1,0.7657657657657657,0.8673469387755102
ISOT <-> WELFake,near_sensitivity,ISOT-31181,WELFake-12638,0,1,0.5916666666666667,0.7634408602150538
ISOT <-> WELFake,near_sensitivity,ISOT-31181,WELFake-13539,0,1,0.6521739130434783,0.8152173913043478
McIntire <-> WELFake,h_text_strip,McIntire-1808,WELFake-43593,1,0,,
McIntire <-> WELFake,h_both_strip,McIntire-1808,WELFake-43593,1,0,,
McIntire <-> WELFake,h_title_light,McIntire-217,WELFake-41177,0,1,,
McIntire <-> WELFake,h_title_light,McIntire-217,WELFake-41216,0,1,,
McIntire <-> WELFake,h_title_light,McIntire-1051,WELFake-21475,1,0,,
McIntire <-> WELFake,h_title_light,McIntire-1449,WELFake-30393,1,0,,
McIntire <-> WELFake,h_title_light,McIntire-1666,WELFake-20839,1,0,,
McIntire <-> WELFake,h_title_light,McIntire-1808,WELFake-43593,1,0,,
McIntire <-> WELFake,h_title_light,McIntire-1836,WELFake-70655,0,1,,
McIntire <-> WELFake,h_title_strip,McIntire-217,WELFake-41177,0,1,,
McIntire <-> WELFake,h_title_strip,McIntire-217,WELFake-41216,0,1,,
McIntire <-> WELFake,h_title_strip,McIntire-1051,WELFake-21475,1,0,,
McIntire <-> WELFake,h_title_strip,McIntire-1449,WELFake-30393,1,0,,
McIntire <-> WELFake,h_title_strip,McIntire-1666,WELFake-20839,1,0,,
McIntire <-> WELFake,h_title_strip,McIntire-1808,WELFake-43593,1,0,,
McIntire <-> WELFake,h_title_strip,McIntire-1836,WELFake-70655,0,1,,
McIntire <-> WELFake,near_primary,McIntire-1808,WELFake-43593,1,0,1.0,1.0
McIntire <-> WELFake,near_primary,McIntire-217,WELFake-41177,0,1,0.9773260359655981,0.9960159362549801
McIntire <-> WELFake,near_primary,McIntire-217,WELFake-24117,0,1,0.9138187221396731,0.9800796812749004
McIntire <-> WELFake,near_primary,McIntire-709,WELFake-37348,0,1,0.5958702064896755,0.9160997732426304
McIntire <-> WELFake,near_primary,McIntire-1836,WELFake-70655,0,1,0.941747572815534,0.9831081081081081
McIntire <-> WELFake,near_primary,McIntire-2931,WELFake-38360,1,0,0.9567901234567902,0.9987113402061856
McIntire <-> WELFake,near_primary,McIntire-217,WELFake-66003,0,1,0.8785046728971962,0.9737051792828685
McIntire <-> WELFake,near_primary,McIntire-1449,WELFake-30393,1,0,0.9689366786140979,0.9950920245398773
McIntire <-> WELFake,near_primary,McIntire-5090,WELFake-17753,0,1,0.9317235636969192,0.9747386759581882
McIntire <-> WELFake,near_primary,McIntire-1051,WELFake-21475,1,0,0.5592783505154639,0.9004149377593361
McIntire <-> WELFake,near_primary,McIntire-2039,WELFake-43840,1,0,0.900990099009901,0.9479166666666666
McIntire <-> WELFake,near_primary,McIntire-6293,WELFake-12988,1,0,0.8823529411764706,0.9375
McIntire <-> WELFake,near_primary,McIntire-2876,WELFake-31193,0,1,0.900990099009901,0.9479166666666666
McIntire <-> WELFake,near_sensitivity,McIntire-5767,WELFake-59015,1,0,0.5101721439749609,0.7244444444444444
McIntire <-> WELFake,near_sensitivity,McIntire-4465,WELFake-70231,1,0,0.5916666666666667,0.7634408602150538
McIntire <-> WELFake,near_sensitivity,McIntire-1666,WELFake-20839,1,0,0.7657657657657657,0.8673469387755102
McIntire <-> WELFake,near_sensitivity,McIntire-217,WELFake-26477,0,1,0.6440677966101694,0.7835051546391752
McIntire <-> WELFake,near_sensitivity,McIntire-217,WELFake-41216,0,1,0.603448275862069,0.7865168539325843
McIntire <-> WELFake,near_sensitivity,McIntire-751,WELFake-46438,1,0,0.5154639175257731,1.0
McIntire <-> WELFake,near_sensitivity,McIntire-217,WELFake-46334,0,1,0.5154639175257731,1.0
McIntire <-> WELFake,near_sensitivity,McIntire-217,WELFake-36961,0,1,0.7962962962962963,0.8865979381443299
