cond,in_auc,cross_auc,gap_auc,in_f1,cross_f1,gap_f1,n_seeds
C0,0.997,"0.805 [0.782, 0.828]","0.192 [0.169, 0.215]",0.983,"0.713 [0.702, 0.724]","0.270 [0.259, 0.282]",8
S,0.995,"0.842 [0.831, 0.853]","0.153 [0.141, 0.164]",0.973,"0.726 [0.722, 0.729]","0.247 [0.243, 0.252]",8
L,0.997,"0.824 [0.809, 0.838]","0.173 [0.159, 0.188]",0.982,"0.712 [0.702, 0.721]","0.271 [0.261, 0.281]",8
E,0.995,"0.822 [0.808, 0.835]","0.174 [0.160, 0.187]",0.974,"0.741 [0.731, 0.752]","0.233 [0.222, 0.244]",8
SL,0.994,"0.840 [0.827, 0.854]","0.154 [0.140, 0.167]",0.974,"0.729 [0.719, 0.739]","0.245 [0.234, 0.256]",8
SE,0.994,"0.834 [0.825, 0.844]","0.159 [0.150, 0.169]",0.965,"0.735 [0.726, 0.744]","0.230 [0.221, 0.239]",8
LE,0.995,"0.823 [0.812, 0.833]","0.172 [0.161, 0.184]",0.971,"0.739 [0.730, 0.748]","0.232 [0.222, 0.243]",8
SLE,0.993,"0.835 [0.827, 0.842]","0.158 [0.150, 0.165]",0.962,"0.731 [0.724, 0.739]","0.231 [0.222, 0.239]",8
R_S,0.997,"0.831 [0.816, 0.847]","0.166 [0.151, 0.181]",0.983,"0.721 [0.704, 0.738]","0.262 [0.246, 0.278]",8
R_E,0.996,"0.832 [0.826, 0.837]","0.165 [0.159, 0.170]",0.978,"0.740 [0.737, 0.743]","0.238 [0.234, 0.242]",8
R_SE,0.996,"0.825 [0.814, 0.837]","0.171 [0.159, 0.182]",0.978,"0.742 [0.731, 0.753]","0.236 [0.224, 0.247]",8
