outcome,term,effect_mean,sd,ci_lo,ci_hi,p_t_raw,p_signflip,same_sign,n_seeds,formatted,p_holm
auc,S,0.019554071174535833,0.008130977250207203,0.012756404080067393,0.026351738269004273,0.00025273671377074833,0.0078125,8,8,"+0.020 [+0.013, +0.026] (8/8)",0.0017691569963952383
auc,L,0.0045074922207052935,0.00891596466968495,-0.0029464407796626632,0.011961425221073251,0.19581796906398308,0.234375,4,8,"+0.005 [-0.003, +0.012] (4/8)",0.836496430333187
auc,E,0.00048565902064677535,0.007950697850987428,-0.0061612907243350995,0.00713260876562865,0.8677207379137563,0.8828125,4,8,"+0.000 [-0.006, +0.007] (4/8)",0.8677207379137563
auc,SL,-0.005195608529943215,0.012851400356365547,-0.015939648100104342,0.00554843104021791,0.2904308842215595,0.28125,6,8,"-0.005 [-0.016, +0.006] (6/8)",0.836496430333187
auc,SE,-0.007171840056364356,0.009788511691313381,-0.015355240621919373,0.00101156050919066,0.0769515938045235,0.078125,5,8,"-0.007 [-0.015, +0.001] (5/8)",0.46170956282714104
auc,LE,-0.003924915417730434,0.007357244382316458,-0.010075725646889654,0.002225894811428787,0.1750642415964929,0.0859375,6,8,"-0.004 [-0.010, +0.002] (6/8)",0.836496430333187
auc,SLE,0.004778674671467563,0.008772978889359358,-0.002555719225052648,0.012113068567987774,0.1672992860666374,0.1640625,7,8,"+0.005 [-0.003, +0.012] (7/8)",0.836496430333187
f1,S,0.004075952775229715,0.005026311512387686,-0.0001261488077546665,0.008278054358214097,0.05550915451547626,0.046875,7,8,"+0.004 [-0.000, +0.008] (7/8)",0.2775457725773813
f1,L,-0.0009591146682420327,0.006124043313268142,-0.006078943003100736,0.004160713666616671,0.6711513209756057,0.7421875,4,8,"-0.001 [-0.006, +0.004] (4/8)",1.0
f1,E,0.016766743703852033,0.008924739864972466,0.009305474456632327,0.02422801295107174,0.0011067836108495763,0.015625,7,8,"+0.017 [+0.009, +0.024] (7/8)",0.0077474852759470345
f1,SL,0.0008683021587799624,0.0077528210766680625,-0.005613218462966321,0.007349822780526247,0.7606496910940145,0.734375,3,8,"+0.001 [-0.006, +0.007] (3/8)",1.0
f1,SE,-0.01107405722807229,0.0070991668779115495,-0.017009109264147025,-0.005139005191997556,0.0031109309920105267,0.0078125,8,8,"-0.011 [-0.017, -0.005] (8/8)",0.01866558595206316
f1,LE,-0.002004255909745447,0.005547771761486871,-0.006642309170774987,0.0026337973512840936,0.340870069518224,0.3359375,6,8,"-0.002 [-0.007, +0.003] (6/8)",1.0
f1,SLE,-0.0016030982506483225,0.00817287110249623,-0.008435789482118056,0.005229592980821411,0.5963099578205788,0.59375,5,8,"-0.002 [-0.008, +0.005] (5/8)",1.0
gap_auc,S,-0.021899957890100873,0.00870615433900473,-0.029178485064446116,-0.01462143071575563,0.0001911644464848365,0.0078125,8,8,"-0.022 [-0.029, -0.015] (8/8)",0.0013381511253938556
gap_auc,L,-0.004938865247936873,0.009150454830516344,-0.01258883692867619,0.0027111064328024445,0.17069258148584163,0.15625,4,8,"-0.005 [-0.013, +0.003] (4/8)",0.7112343227526474
gap_auc,E,-0.002164976971064631,0.007796833217310845,-0.00868329266319399,0.004353338721064729,0.4579842146959643,0.4296875,5,8,"-0.002 [-0.009, +0.004] (5/8)",0.7112343227526474
gap_auc,SL,0.004983942137118711,0.012744036937310733,-0.005670339368494892,0.015638223642732315,0.30522513721364525,0.3125,6,8,"+0.005 [-0.006, +0.016] (6/8)",0.7112343227526474
gap_auc,SE,0.007448328123966667,0.009988097873598056,-0.0009019306656465401,0.015798586913579875,0.0728727677063961,0.078125,5,8,"+0.007 [-0.001, +0.016] (5/8)",0.43723660623837657
gap_auc,LE,0.0037061015625364695,0.0069822399069966404,-0.0021311970795506114,0.009543400204623551,0.1769704286793956,0.0859375,6,8,"+0.004 [-0.002, +0.010] (6/8)",0.7112343227526474
gap_auc,SLE,-0.004955442931831658,0.008477630501181492,-0.01204291939666556,0.002132033533002245,0.14224686455052948,0.1484375,7,8,"-0.005 [-0.012, +0.002] (7/8)",0.7112343227526474
gap_f1,S,-0.013325409806420245,0.0066419306269021455,-0.018878202770523583,-0.007772616842316907,0.0007549865219170828,0.0078125,8,8,"-0.013 [-0.019, -0.008] (8/8)",0.004529919131502497
gap_f1,L,-0.00038015879889728385,0.006407165674777753,-0.005736683351359233,0.0049763657535646655,0.8714703927316612,0.8671875,5,8,"-0.000 [-0.006, +0.005] (5/8)",1.0
gap_f1,E,-0.02684890495667949,0.008892855450308825,-0.034283518166166475,-0.019414291747192503,5.99516729273799e-05,0.0078125,8,8,"-0.027 [-0.034, -0.019] (8/8)",0.0004196617104916593
gap_f1,SL,-0.00036357623376951037,0.007129645584482261,-0.0063241091062015715,0.00559695663866255,0.8893791697794425,0.90625,2,8,"-0.000 [-0.006, +0.006] (2/8)",1.0
gap_f1,SE,0.011260492387703516,0.007524582446556151,0.004969784035854895,0.017551200739552138,0.003875037354041155,0.0078125,8,8,"+0.011 [+0.005, +0.018] (8/8)",0.019375186770205773
gap_f1,LE,0.0005567597100201403,0.006404842830339488,-0.004797822895893727,0.005911342315934007,0.8128368347482948,0.8203125,5,8,"+0.001 [-0.005, +0.006] (5/8)",1.0
gap_f1,SLE,0.0009069072611805019,0.007550473262004415,-0.0054054463540609225,0.007219260876421926,0.7440256072107626,0.703125,5,8,"+0.001 [-0.005, +0.007] (5/8)",1.0
