masking,outcome,vs_random,vs_C0
S,auc,"+0.011 [-0.009, +0.030] (5/8)","+0.037 [+0.013, +0.060] (7/8)"
S,f1,"+0.004 [-0.013, +0.021] (4/8)","+0.013 [+0.003, +0.023] (7/8)"
S,gap_auc,"-0.013 [-0.033, +0.006] (5/8)","-0.039 [-0.062, -0.016] (8/8)"
S,gap_f1,"-0.015 [-0.030, +0.001] (7/8)","-0.023 [-0.032, -0.015] (8/8)"
E,auc,"-0.010 [-0.025, +0.005] (5/8)","+0.016 [-0.004, +0.037] (6/8)"
E,f1,"+0.001 [-0.008, +0.011] (3/8)","+0.028 [+0.014, +0.043] (8/8)"
E,gap_auc,"+0.009 [-0.006, +0.023] (5/8)","-0.018 [-0.038, +0.002] (6/8)"
E,gap_f1,"-0.005 [-0.015, +0.005] (4/8)","-0.038 [-0.052, -0.023] (8/8)"
SE,auc,"+0.009 [-0.002, +0.020] (6/8)","+0.029 [+0.008, +0.050] (8/8)"
SE,f1,"-0.007 [-0.023, +0.010] (5/8)","+0.022 [+0.006, +0.038] (7/8)"
SE,gap_auc,"-0.012 [-0.023, +0.000] (6/8)","-0.033 [-0.054, -0.011] (8/8)"
SE,gap_f1,"-0.006 [-0.023, +0.012] (4/8)","-0.040 [-0.056, -0.025] (8/8)"
