pair,cond,gap_change_mean,ci_lo,ci_hi,same_sign,n_seeds,formatted
ISOT->McIntire,S,0.010061473770247617,-0.004362836290811632,0.024485783831306868,6,8,"+0.010 [-0.004, +0.024] (6/8)"
ISOT->McIntire,L,-0.05492696487239586,-0.0650324000888785,-0.044821529655913205,8,8,"-0.055 [-0.065, -0.045] (8/8)"
ISOT->McIntire,E,-0.016728602605648943,-0.03170063091729705,-0.0017565742940008327,6,8,"-0.017 [-0.032, -0.002] (6/8)"
ISOT->McIntire,SL,-0.05311650301247191,-0.06487759427493314,-0.041355411750010666,8,8,"-0.053 [-0.065, -0.041] (8/8)"
ISOT->McIntire,SE,-0.015438325878422324,-0.03037711501113789,-0.0004995367457067586,7,8,"-0.015 [-0.030, -0.000] (7/8)"
ISOT->McIntire,LE,-0.07437400785027931,-0.09001873836886869,-0.058729277331689936,8,8,"-0.074 [-0.090, -0.059] (8/8)"
ISOT->McIntire,SLE,-0.06922418047579973,-0.08474164961901193,-0.05370671133258754,8,8,"-0.069 [-0.085, -0.054] (8/8)"
ISOT->McIntire,T,0.009834007060100639,-0.0022412750041535187,0.021909289124354796,6,8,"+0.010 [-0.002, +0.022] (6/8)"
ISOT->McIntire,SLET,-0.058370724376894945,-0.06821471550752954,-0.04852673324626035,8,8,"-0.058 [-0.068, -0.049] (8/8)"
ISOT->WELFake_residual,S,-0.0006316874634670344,-0.014961437787871845,0.013698062860937776,5,8,"-0.001 [-0.015, +0.014] (5/8)"
ISOT->WELFake_residual,L,-0.0358152521942495,-0.051928431997929,-0.01970207239056999,8,8,"-0.036 [-0.052, -0.020] (8/8)"
ISOT->WELFake_residual,E,0.0017561220910632391,-0.01222362208848334,0.01573586627060982,6,8,"+0.002 [-0.012, +0.016] (6/8)"
ISOT->WELFake_residual,SL,-0.046904403090250776,-0.0673335339078942,-0.02647527227260735,8,8,"-0.047 [-0.067, -0.026] (8/8)"
ISOT->WELFake_residual,SE,-0.005327646410637349,-0.01759528017216571,0.006939987350891011,6,8,"-0.005 [-0.018, +0.007] (6/8)"
ISOT->WELFake_residual,LE,-0.04059233573416017,-0.05406483681691924,-0.027119834651401102,8,8,"-0.041 [-0.054, -0.027] (8/8)"
ISOT->WELFake_residual,SLE,-0.043945338313902044,-0.05555348578506733,-0.03233719084273676,8,8,"-0.044 [-0.056, -0.032] (8/8)"
ISOT->WELFake_residual,T,0.008028560384848851,-0.007690716992696751,0.023747837762394454,4,8,"+0.008 [-0.008, +0.024] (4/8)"
ISOT->WELFake_residual,SLET,-0.04155617557076144,-0.0541235145579772,-0.02898883658354568,8,8,"-0.042 [-0.054, -0.029] (8/8)"
McIntire->ISOT,S,0.03497415940741791,0.025451940655742085,0.044496378159093734,8,8,"+0.035 [+0.025, +0.044] (8/8)"
McIntire->ISOT,L,-0.07049315029676757,-0.08643841132167064,-0.054547889271864505,8,8,"-0.070 [-0.086, -0.055] (8/8)"
McIntire->ISOT,E,-0.06531561845950776,-0.08420726300874705,-0.046423973910268465,8,8,"-0.065 [-0.084, -0.046] (8/8)"
McIntire->ISOT,SL,-0.06251762652307963,-0.07268875681567619,-0.052346496230483076,8,8,"-0.063 [-0.073, -0.052] (8/8)"
McIntire->ISOT,SE,-0.04861748669213066,-0.0623749483813476,-0.03486002500291372,8,8,"-0.049 [-0.062, -0.035] (8/8)"
McIntire->ISOT,LE,-0.14640474715147006,-0.1608212637738472,-0.13198823052909292,8,8,"-0.146 [-0.161, -0.132] (8/8)"
McIntire->ISOT,SLE,-0.1252174439930024,-0.13670370072037039,-0.1137311872656344,8,8,"-0.125 [-0.137, -0.114] (8/8)"
McIntire->ISOT,T,0.017288606520672836,0.0019168447416559493,0.03266036829968973,7,8,"+0.017 [+0.002, +0.033] (7/8)"
McIntire->ISOT,SLET,-0.11374621233298193,-0.12933064714870013,-0.09816177751726372,8,8,"-0.114 [-0.129, -0.098] (8/8)"
McIntire->WELFake_residual,S,0.00477343324330283,-0.004717402833425538,0.014264269320031197,4,8,"+0.005 [-0.005, +0.014] (4/8)"
McIntire->WELFake_residual,L,0.009615893285768853,0.0037589347212801947,0.015472851850257513,7,8,"+0.010 [+0.004, +0.015] (7/8)"
McIntire->WELFake_residual,E,-0.002857851136575648,-0.0130420102619479,0.007326307988796604,5,8,"-0.003 [-0.013, +0.007] (5/8)"
McIntire->WELFake_residual,SL,0.021102875795950424,0.011698577896593416,0.03050717369530743,8,8,"+0.021 [+0.012, +0.031] (8/8)"
McIntire->WELFake_residual,SE,0.0019542604796678326,-0.0032272384353706236,0.007135759394706289,6,8,"+0.002 [-0.003, +0.007] (6/8)"
McIntire->WELFake_residual,LE,0.013645400682727168,0.004150793342946751,0.023140008022507586,7,8,"+0.014 [+0.004, +0.023] (7/8)"
McIntire->WELFake_residual,SLE,0.013034495934285989,0.0032962866955763715,0.022772705172995608,6,8,"+0.013 [+0.003, +0.023] (6/8)"
McIntire->WELFake_residual,T,0.008479425255643519,-9.320833000120779e-05,0.017052058841288246,6,8,"+0.008 [-0.000, +0.017] (6/8)"
McIntire->WELFake_residual,SLET,0.02524331237690136,0.016433454516133747,0.034053170237668975,8,8,"+0.025 [+0.016, +0.034] (8/8)"
WELFake_residual->ISOT,S,-0.01057037556911608,-0.023956701395590262,0.002815950257358101,6,8,"-0.011 [-0.024, +0.003] (6/8)"
WELFake_residual->ISOT,L,-0.07423039956053407,-0.08529296940232649,-0.06316782971874164,8,8,"-0.074 [-0.085, -0.063] (8/8)"
WELFake_residual->ISOT,E,-0.03189492310043676,-0.04202930958324009,-0.021760536617633434,8,8,"-0.032 [-0.042, -0.022] (8/8)"
WELFake_residual->ISOT,SL,-0.07920304296459948,-0.09353392100055324,-0.06487216492864573,8,8,"-0.079 [-0.094, -0.065] (8/8)"
WELFake_residual->ISOT,SE,-0.031167883106702793,-0.05211879750685228,-0.010216968706553309,7,8,"-0.031 [-0.052, -0.010] (7/8)"
WELFake_residual->ISOT,LE,-0.1072413210260948,-0.12789840871406036,-0.08658423333812922,8,8,"-0.107 [-0.128, -0.087] (8/8)"
WELFake_residual->ISOT,SLE,-0.1034208836961431,-0.12307978733029835,-0.08376198006198786,8,8,"-0.103 [-0.123, -0.084] (8/8)"
WELFake_residual->ISOT,T,0.014908340929793193,-0.002252514941763775,0.03206919680135016,6,8,"+0.015 [-0.002, +0.032] (6/8)"
WELFake_residual->ISOT,SLET,-0.09821264974091314,-0.11564572595229895,-0.08077957352952732,8,8,"-0.098 [-0.116, -0.081] (8/8)"
WELFake_residual->McIntire,S,-0.009415156072159564,-0.017021310536416027,-0.0018090016079030996,7,8,"-0.009 [-0.017, -0.002] (7/8)"
WELFake_residual->McIntire,L,0.020701383006758292,0.016379948157272877,0.025022817856243707,8,8,"+0.021 [+0.016, +0.025] (8/8)"
WELFake_residual->McIntire,E,-0.008395084247540305,-0.014359493371853174,-0.0024306751232274354,7,8,"-0.008 [-0.014, -0.002] (7/8)"
WELFake_residual->McIntire,SL,0.015430589245224224,0.010417020937055068,0.02044415755339338,8,8,"+0.015 [+0.010, +0.020] (8/8)"
WELFake_residual->McIntire,SE,-0.015761447789495966,-0.02454321152638108,-0.006979684052610853,8,8,"-0.016 [-0.025, -0.007] (8/8)"
WELFake_residual->McIntire,LE,0.0063025013834058785,-0.0023968051473244392,0.015001807914136196,6,8,"+0.006 [-0.002, +0.015] (6/8)"
WELFake_residual->McIntire,SLE,0.01249794722503117,0.002137569199709104,0.022858325250353237,7,8,"+0.012 [+0.002, +0.023] (7/8)"
WELFake_residual->McIntire,T,0.0054011209427285295,-0.0029672656580889568,0.013769507543546016,5,8,"+0.005 [-0.003, +0.014] (5/8)"
WELFake_residual->McIntire,SLET,0.016949363066009623,0.01028693496772859,0.023611791164290657,8,8,"+0.017 [+0.010, +0.024] (8/8)"
