outcome,seed,term,effect
auc,0,S,-0.012224270564492027
auc,1,S,-0.010629252878810993
auc,2,S,-0.00703295001532588
auc,3,S,-0.007718682997279698
auc,4,S,-0.011537782112989975
auc,5,S,-0.014400805674318553
auc,6,S,-0.00669728587068653
auc,7,S,-0.01000166113498747
auc,0,L,0.03507574726892058
auc,1,L,0.04041886898383378
auc,2,L,0.03770700760773762
auc,3,L,0.037806317326417344
auc,4,L,0.0365636635433751
auc,5,L,0.0384009126304643
auc,6,L,0.0340057817476492
auc,7,L,0.0392568877313308
auc,0,E,0.012187144980333797
auc,1,E,0.013207500922107476
auc,2,E,0.014197446153025317
auc,3,E,0.022294676169393058
auc,4,E,0.02248977973951526
auc,5,E,0.014824134166296707
auc,6,E,0.018746504522539526
auc,7,E,0.008727370259553066
auc,0,SL,0.004335270504806176
auc,1,SL,0.003282080264563068
auc,2,SL,0.0045682981573129805
auc,3,SL,-0.0017022063716859344
auc,4,SL,0.0031650814408488805
auc,5,SL,-0.0012087637987133286
auc,6,SL,-0.0004905497778864704
auc,7,SL,-0.005198326448405617
auc,0,SE,-0.0006937530231856531
auc,1,SE,0.0037217931282456373
auc,2,SE,-0.004091057511232533
auc,3,SE,-0.0014489134147234923
auc,4,SE,0.0017202891941037468
auc,5,SE,-0.000560867992353072
auc,6,SE,0.0027273626317495664
auc,7,SE,-0.0028898211165027713
auc,0,LE,0.002553638997349783
auc,1,LE,-0.003664820149954321
auc,2,LE,0.0030974304163222575
auc,3,LE,0.001598495377196039
auc,4,LE,0.0008838476568907017
auc,5,LE,0.0022917827672692126
auc,6,LE,0.002444906686427384
auc,7,LE,-0.005153853500453674
auc,0,SLE,-0.00041859958360464705
auc,1,SLE,-0.0060805349748792314
auc,2,SLE,0.0026547967963791905
auc,3,SLE,-0.006377881644758924
auc,4,SLE,-0.002503549867104299
auc,5,SLE,-0.003463401339315784
auc,6,SLE,-0.0009678539827569776
auc,7,SLE,-0.00032860415943180193
f1,0,S,-0.013659044844473417
f1,1,S,-0.013181162814570602
f1,2,S,-0.014392781419758832
f1,3,S,-0.01257802810207558
f1,4,S,-0.014958701089867568
f1,5,S,-0.0184143995213714
f1,6,S,-0.011488207718362065
f1,7,S,-0.015867726292020563
f1,0,L,0.011459137475021641
f1,1,L,0.014531208114182634
f1,2,L,0.01587511306479945
f1,3,L,0.01393222348318233
f1,4,L,0.012425946979666619
f1,5,L,0.015756709585037998
f1,6,L,0.009704470633725046
f1,7,L,0.014749735309140801
f1,0,E,0.013436963071558524
f1,1,E,0.014587603916812492
f1,2,E,0.017075497705347265
f1,3,E,0.020416429228364435
f1,4,E,0.01789546226889206
f1,5,E,0.022113299701384075
f1,6,E,0.019032854098760366
f1,7,E,0.010088642501853234
f1,0,SL,0.0011481619440077
f1,1,SL,0.000909703246347209
f1,2,SL,0.001091883015819417
f1,3,SL,-0.004420768069704313
f1,4,SL,0.0018088828257174921
f1,5,SL,-0.0010638703970755846
f1,6,SL,-0.001383179267350441
f1,7,SL,-0.003294725232703378
f1,0,SE,-0.0012555266340738512
f1,1,SE,0.007145913499749722
f1,2,SE,-0.0010382360790064382
f1,3,SE,0.003436563870003124
f1,4,SE,0.006789150209718879
f1,5,SE,0.0008276962927388822
f1,6,SE,0.0007307049509550448
f1,7,SE,-0.0009054077321376484
f1,0,LE,0.0021104585601846395
f1,1,LE,0.002263367956438861
f1,2,LE,0.006862642339600812
f1,3,LE,0.0024670022852803877
f1,4,LE,0.0008244918053163982
f1,5,LE,4.278663992680435e-05
f1,6,LE,0.004307725810756974
f1,7,LE,-0.0002304606511534061
f1,0,SLE,-0.0033811707556262818
f1,1,SLE,-0.002561412244992715
f1,2,SLE,-4.450791458994e-05
f1,3,SLE,-0.00394811633179562
f1,4,SLE,0.0007706998550886061
f1,5,SLE,-0.0020016918879193026
f1,6,SLE,0.00010112941221272302
f1,7,SLE,-0.0021482715844876967
gap_auc,0,S,0.0057535838478397815
gap_auc,1,S,0.003456736033687615
gap_auc,2,S,-0.002002359421725835
gap_auc,3,S,0.0007030890588129816
gap_auc,4,S,0.0045581182265209035
gap_auc,5,S,0.008792697477492728
gap_auc,6,S,-0.0016657906083517536
gap_auc,7,S,0.003936845997618403
gap_auc,0,L,-0.033547292567751096
gap_auc,1,L,-0.03755841656829623
gap_auc,2,L,-0.03912283861790979
gap_auc,3,L,-0.037749983884484785
gap_auc,4,L,-0.035983419026319415
gap_auc,5,L,-0.03447678291748402
gap_auc,6,L,-0.03283487436120326
gap_auc,7,L,-0.037624350275186944
gap_auc,0,E,-0.01582605194833084
gap_auc,1,E,-0.0202873465446017
gap_auc,2,E,-0.02025634065126908
gap_auc,3,E,-0.02782828635781029
gap_auc,4,E,-0.028770652041831445
gap_auc,5,E,-0.019386987047182568
gap_auc,6,E,-0.024350001197298517
gap_auc,7,E,-0.017150882880791394
gap_auc,0,SL,-0.0035796917387081323
gap_auc,1,SL,-0.003726381083470324
gap_auc,2,SL,-0.004666869356177776
gap_auc,3,SL,0.0010529776266276676
gap_auc,4,SL,-0.0022794299222430683
gap_auc,5,SL,0.003920525286060693
gap_auc,6,SL,0.002059389738253208
gap_auc,7,SL,0.005239549810118829
gap_auc,0,SE,0.001758827992833949
gap_auc,1,SE,-0.0034554320557977545
gap_auc,2,SE,0.0018596912134491762
gap_auc,3,SE,0.002145078549053908
gap_auc,4,SE,-0.0006181282746132813
gap_auc,5,SE,0.0014285305326747026
gap_auc,6,SE,-0.0022708939034659786
gap_auc,7,SE,0.0032637616254811846
gap_auc,0,LE,-7.416827158190457e-05
gap_auc,1,LE,0.003884036270864394
gap_auc,2,LE,-0.0018059293061376037
gap_auc,3,LE,-0.002069092580910342
gap_auc,4,LE,0.00039068994350944614
gap_auc,5,LE,-0.001203756114095363
gap_auc,6,LE,-0.0011801247924445545
gap_auc,7,LE,0.0061926856300754994
gap_auc,0,SLE,-0.00016381401184826136
gap_auc,1,SLE,0.004632456418709713
gap_auc,2,SLE,-0.0032256452950587774
gap_auc,3,SLE,0.005200212379736159
gap_auc,4,SLE,0.003250950094871724
gap_auc,5,SLE,0.004626399709229317
gap_auc,6,SLE,0.0015909749404985768
gap_auc,7,SLE,0.0016095142803446288
gap_f1,0,S,0.0017715626128764345
gap_f1,1,S,-0.0008415842527745437
gap_f1,2,S,-0.001475914503783778
gap_f1,3,S,-0.0030175955975671235
gap_f1,4,S,2.7054091647276308e-05
gap_f1,5,S,0.003596666563316526
gap_f1,6,S,-0.006542566757652034
gap_f1,7,S,0.0034858992209429777
gap_f1,0,L,-0.010254097873505957
gap_f1,1,L,-0.011744938509650632
gap_f1,2,L,-0.020444944078170962
gap_f1,3,L,-0.017159612187553866
gap_f1,4,L,-0.00907878896556264
gap_f1,5,L,-0.006707731515826584
gap_f1,6,L,-0.010168175062932808
gap_f1,7,L,-0.012690388940494915
gap_f1,0,E,-0.025216338079102743
gap_f1,1,E,-0.02680003869761853
gap_f1,2,E,-0.028760379717780088
gap_f1,3,E,-0.032345504182832906
gap_f1,4,E,-0.030315990778264437
gap_f1,5,E,-0.03537133069101089
gap_f1,6,E,-0.027079529701408932
gap_f1,7,E,-0.027028540109761898
gap_f1,0,SL,0.0008421829634191885
gap_f1,1,SL,-0.0023295268648239656
gap_f1,2,SL,-0.0023612291110541583
gap_f1,3,SL,0.0030704721899751514
gap_f1,4,SL,0.0003455752762919993
gap_f1,5,SL,0.003715459784935949
gap_f1,6,SL,0.004705430818421776
gap_f1,7,SL,0.003035870158983031
gap_f1,0,SE,0.003970089236854875
gap_f1,1,SE,-0.00390958899852067
gap_f1,2,SE,9.557061947073249e-05
gap_f1,3,SE,-0.0020569715249629202
gap_f1,4,SE,-0.005883822364807348
gap_f1,5,SE,0.004167439996144028
gap_f1,6,SE,0.0009318273469777205
gap_f1,7,SE,-0.0012373374861025753
gap_f1,0,LE,0.004828727333541945
gap_f1,1,LE,-0.0027944358587802115
gap_f1,2,LE,-0.005939960309649199
gap_f1,3,LE,-0.005163900531720385
gap_f1,4,LE,0.0026769571484741156
gap_f1,5,LE,0.0009597812287435309
gap_f1,6,LE,-0.0024841105976502373
gap_f1,7,LE,0.002630887773318607
gap_f1,0,SLE,0.004187377941329252
gap_f1,1,SLE,0.0006487094423513057
gap_f1,2,SLE,-0.0006041632846220946
gap_f1,3,SLE,0.0012768841271912866
gap_f1,4,SLE,0.0030999535156525696
gap_f1,5,SLE,0.002631837498105513
gap_f1,6,SLE,0.002349930178210724
gap_f1,7,SLE,0.0037305816448967625
