outcome,cond,share_removed_mean,ci_lo,ci_hi,p_t_raw,p_signflip,same_sign,n_seeds,formatted
gap_auc,S,-0.023240991172875952,-0.049423434261172294,0.0029414519154203934,0.07398342653723859,0.0859375,6,8,"-0.023 [-0.049, +0.003] (6/8)"
gap_auc,L,0.16044751059286838,0.13932842183156574,0.18156659935417102,4.091065929368826e-07,0.0078125,8,8,"+0.160 [+0.139, +0.182] (8/8)"
gap_auc,E,0.09638870447068222,0.08140177189542594,0.1113756370459385,1.2792285458895306e-06,0.0078125,8,8,"+0.096 [+0.081, +0.111] (8/8)"
gap_auc,SL,0.16045251801223548,0.13809143084136805,0.1828136051831029,6.053376238738507e-07,0.0078125,8,8,"+0.160 [+0.138, +0.183] (8/8)"
gap_auc,SE,0.08925305926146365,0.06176675332824047,0.11673936519468683,0.00011833948520257299,0.0078125,8,8,"+0.089 [+0.062, +0.117] (8/8)"
gap_auc,LE,0.27265063799181855,0.24784858614425043,0.29745268983938666,3.1891973996578586e-08,0.0078125,8,8,"+0.273 [+0.248, +0.297] (8/8)"
gap_auc,SLE,0.24726388073460287,0.21648102455666215,0.2780467369125436,2.789379959302844e-07,0.0078125,8,8,"+0.247 [+0.216, +0.278] (8/8)"
gap_auc,T,-0.05026848945306675,-0.07615053380615348,-0.024386445099980017,0.0025060180909585628,0.0078125,8,8,"-0.050 [-0.076, -0.024] (8/8)"
gap_auc,SLET,0.21091548418364084,0.1958117366950765,0.22601923167220517,6.048212225235193e-09,0.0078125,8,8,"+0.211 [+0.196, +0.226] (8/8)"
gap_f1,S,-0.004679515486552016,-0.02787181596700622,0.018512784993902187,0.6478191286491858,0.6328125,5,8,"-0.005 [-0.028, +0.019] (5/8)"
gap_f1,L,0.05027733304156348,0.03918504503353891,0.061369621049588055,1.3521131571285494e-05,0.0078125,8,8,"+0.050 [+0.039, +0.061] (8/8)"
gap_f1,E,0.1195971998880681,0.10003071847986994,0.13916368129626627,1.8089833871209397e-06,0.0078125,8,8,"+0.120 [+0.100, +0.139] (8/8)"
gap_f1,SL,0.053175551948802136,0.03625332053861448,0.0700977833589898,0.00014560643107780274,0.0078125,8,8,"+0.053 [+0.036, +0.070] (8/8)"
gap_f1,SE,0.14030431359177048,0.11971389873928442,0.16089472844425654,8.622660976468975e-07,0.0078125,8,8,"+0.140 [+0.120, +0.161] (8/8)"
gap_f1,LE,0.19615291057518816,0.1731626576533688,0.21914316349700752,1.8409423876398674e-07,0.0078125,8,8,"+0.196 [+0.173, +0.219] (8/8)"
gap_f1,SLE,0.18428194003496012,0.15339349522090406,0.21517038484901618,2.1326067674005477e-06,0.0078125,8,8,"+0.184 [+0.153, +0.215] (8/8)"
gap_f1,T,0.013689295252364328,-0.018367642120402962,0.04574623262513162,0.346229810451355,0.3359375,6,8,"+0.014 [-0.018, +0.046] (6/8)"
gap_f1,SLET,0.19800823733169265,0.1707869381825128,0.2252295364808725,5.513349579270205e-07,0.0078125,8,8,"+0.198 [+0.171, +0.225] (8/8)"
