contrast,outcome,label,mean,sd,ci_lo,ci_hi,min,max,same_sign,n_seeds,p_t_raw,p_signflip,formatted
T - C0,auc,,-0.01395255290000198,0.005393293403217623,-0.01846145902157942,-0.00944364677842454,-0.021502096628344847,-0.006384325705070748,8,8,0.00016037501856172603,0.0078125,"-0.014 [-0.018, -0.009] (8/8)"
T - C0,f1,,-0.005480036725233714,0.004507221743814853,-0.009248168401487282,-0.001711905048980146,-0.012124058829242668,0.0021576310064046664,7,8,0.010853369694849799,0.0234375,"-0.005 [-0.009, -0.002] (7/8)"
T - C0,gap_auc,,0.010656676848964593,0.0064617488278951585,0.005254519638527976,0.01605883405940121,0.0025175603546191785,0.019913247079790235,8,8,0.0023019701588517893,0.0078125,"+0.011 [+0.005, +0.016] (8/8)"
T - C0,gap_f1,,-0.003094407808882681,0.008184449177675104,-0.009936778553434153,0.003747962935668792,-0.01190749647296265,0.009961943295090758,6,8,0.32038017990711837,0.2890625,"-0.003 [-0.010, +0.004] (6/8)"
T - R_T,auc,,-0.011627298736140858,0.008654652903901593,-0.018862769633245922,-0.004391827839035791,-0.020068740136573632,0.0037403535498971388,7,8,0.006715505711505423,0.0234375,"-0.012 [-0.019, -0.004] (7/8)"
T - R_T,f1,,-0.0034370396932708394,0.006284074906498106,-0.008690657788191529,0.0018165784016498498,-0.010416962069805913,0.00802063376944101,6,8,0.16578797598109848,0.1640625,"-0.003 [-0.009, +0.002] (6/8)"
T - R_T,gap_auc,,0.010119691810623117,0.008758734580120591,0.0027972064546406784,0.017442177166605555,-0.006036758651934056,0.020027312431878257,7,8,0.013713703318235876,0.0234375,"+0.010 [+0.003, +0.017] (7/8)"
T - R_T,gap_f1,,-0.0013934628796766603,0.007330290452796241,-0.007521739059836848,0.004734813300483527,-0.014454402524845922,0.009883588651940908,3,8,0.6074637631933193,0.640625,"-0.001 [-0.008, +0.005] (3/8)"
SLET - SLE,auc,,-0.013139602291471908,0.0072575490583099925,-0.019207065143973072,-0.007072139438970744,-0.023182011950064436,-0.0028073155898490354,8,8,0.0013675430215764903,0.0078125,"-0.013 [-0.019, -0.007] (8/8)"
SLET - SLE,f1,,-0.0068126024867847385,0.006925952027293064,-0.012602843283805454,-0.001022361689764024,-0.014130452346948041,0.0026930904576877115,6,8,0.027214415702084393,0.0390625,"-0.007 [-0.013, -0.001] (6/8)"
SLET - SLE,gap_auc,,0.0077637194568149406,0.00892884013646505,0.0002990222968430722,0.015228416616786809,-0.004661124730659254,0.021875148388798876,6,8,0.04350695609338768,0.0546875,"+0.008 [+0.000, +0.015] (6/8)"
SLET - SLE,gap_f1,,-0.0030955620114763624,0.010190369562888369,-0.011614924165189656,0.00542380014223693,-0.02587847509490454,0.005945209529530908,4,8,0.41867810960964813,0.53125,"-0.003 [-0.012, +0.005] (4/8)"
