contrast,masking,control,outcome,effect_mean,sd,ci_lo,ci_hi,p_t_raw,p_signflip,same_sign,n_seeds,formatted,p_holm
S - R_S,S,R_S,auc,-0.014077476443442106,0.00562816381720614,-0.018782739144985777,-0.009372213741898436,0.00019803687235756247,0.0078125,8,8,"-0.014 [-0.019, -0.009] (8/8)",0.00039607374471512495
S - R_S,S,R_S,f1,-0.018822915189300862,0.005010834489088872,-0.023012077657002885,-0.01463375272159884,1.4327984300563926e-05,0.0078125,8,8,"-0.019 [-0.023, -0.015] (8/8)",2.865596860112785e-05
S - R_S,S,R_S,gap_auc,0.006291318273181764,0.005732038834275723,0.0014992138841332788,0.011083422662230249,0.01721579743077635,0.0078125,8,8,"+0.006 [+0.001, +0.011] (8/8)",0.01721579743077635
S - R_S,S,R_S,gap_f1,0.00418263021531993,0.006277633976647507,-0.0010656031274909085,0.009430863558130768,0.1014910034615055,0.078125,7,8,"+0.004 [-0.001, +0.009] (7/8)",0.1014910034615055
E - R_E,E,R_E,auc,0.02012808801977431,0.004584766939664732,0.01629512693741837,0.02396104910213025,5.0529953714404935e-06,0.0078125,8,8,"+0.020 [+0.016, +0.024] (8/8)",1.515898611432148e-05
E - R_E,E,R_E,f1,0.016015205142304274,0.003469946866291995,0.013114256965140712,0.018916153319467836,3.60645410270544e-06,0.0078125,8,8,"+0.016 [+0.013, +0.019] (8/8)",1.081936230811632e-05
E - R_E,E,R_E,gap_auc,-0.02491498630806335,0.004001537553017713,-0.028260355421073118,-0.02156961719505358,4.6898653905511814e-07,0.0078125,8,8,"-0.025 [-0.028, -0.022] (8/8)",1.4069596171653544e-06
E - R_E,E,R_E,gap_f1,-0.02596143241778069,0.0065640425446983055,-0.03144910931561601,-0.020473755519945378,1.0169022645847766e-05,0.0078125,8,8,"-0.026 [-0.031, -0.020] (8/8)",3.0507067937543298e-05
SE - R_SE,SE,R_SE,auc,0.01630455009538507,0.007214781350589986,0.010272841941307976,0.022336258249462164,0.00037012104444763703,0.0078125,8,8,"+0.016 [+0.010, +0.022] (8/8)",0.00039607374471512495
SE - R_SE,SE,R_SE,f1,0.007690903640482992,0.006538370442988659,0.0022246891567791497,0.013157118124186833,0.012642985045054553,0.015625,7,8,"+0.008 [+0.002, +0.013] (7/8)",0.012642985045054553
SE - R_SE,SE,R_SE,gap_auc,-0.02883100330741596,0.0073610673669312525,-0.03498500963169622,-0.022676996983135703,1.0852649102852996e-05,0.0078125,8,8,"-0.029 [-0.035, -0.023] (8/8)",2.170529820570599e-05
SE - R_SE,SE,R_SE,gap_f1,-0.03234480504638936,0.008805485847337403,-0.039706375439877754,-0.024983234652900966,1.6620764642238534e-05,0.0078125,8,8,"-0.032 [-0.040, -0.025] (8/8)",3.324152928447707e-05
