outcome,term,formatted,p_t_raw,p_holm,p_signflip
auc,S,"-0.010 [-0.013, -0.007] (5/5)",0.0006952415774188367,0.00417144946451302,0.0625
auc,L,"+0.038 [+0.035, +0.040] (5/5)",1.7917547797017383e-06,1.2542283457912168e-05,0.0625
auc,E,"+0.017 [+0.011, +0.023] (5/5)",0.0017622081336534042,0.00881104066826702,0.0625
auc,SL,"+0.003 [-0.000, +0.006] (4/5)",0.0751875437037793,0.3007501748151172,0.125
auc,SE,"-0.000 [-0.004, +0.004] (3/5)",0.911751528318473,0.9968239776463335,0.875
auc,LE,"+0.001 [-0.002, +0.004] (4/5)",0.49841198882316673,0.9968239776463335,0.5
auc,SLE,"-0.003 [-0.007, +0.002] (4/5)",0.21172777222775652,0.6351833166832695,0.25
f1,S,"-0.014 [-0.015, -0.013] (5/5)",5.336693158753609e-06,3.735685211127526e-05,0.0625
f1,L,"+0.014 [+0.011, +0.016] (5/5)",6.206293794825462e-05,0.0003723776276895277,0.0625
f1,E,"+0.017 [+0.013, +0.020] (5/5)",0.00017365147968445108,0.0008682573984222554,0.0625
f1,SL,"+0.000 [-0.003, +0.003] (4/5)",0.9294991532241369,0.9294991532241369,1.0
f1,SE,"+0.003 [-0.002, +0.008] (3/5)",0.1726361359466819,0.36205724595728306,0.25
f1,LE,"+0.003 [+0.000, +0.006] (5/5)",0.0478080267594119,0.1912321070376476,0.0625
f1,SLE,"-0.002 [-0.004, +0.001] (4/5)",0.12068574865242768,0.36205724595728306,0.1875
gap_auc,S,"+0.002 [-0.001, +0.006] (4/5)",0.14960215304285618,0.5984086121714247,0.1875
gap_auc,L,"-0.037 [-0.039, -0.034] (5/5)",2.6756781671360777e-06,1.8729747169952543e-05,0.0625
gap_auc,E,"-0.023 [-0.029, -0.016] (5/5)",0.0007942959419283644,0.0047657756515701866,0.0625
gap_auc,SL,"-0.003 [-0.005, +0.000] (4/5)",0.057347373364563387,0.28673686682281696,0.125
gap_auc,SE,"+0.000 [-0.003, +0.003] (3/5)",0.7679085206739215,1.0,0.8125
gap_auc,LE,"+0.000 [-0.003, +0.003] (2/5)",0.954266672415015,1.0,0.9375
gap_auc,SLE,"+0.002 [-0.002, +0.006] (3/5)",0.29027429768209145,0.8708228930462744,0.3125
gap_f1,S,"-0.001 [-0.003, +0.001] (3/5)",0.4237388969879347,1.0,0.5
gap_f1,L,"-0.014 [-0.020, -0.008] (5/5)",0.003208434628414951,0.019250607770489706,0.0625
gap_f1,E,"-0.029 [-0.032, -0.025] (5/5)",2.1903091201187668e-05,0.00015332163840831367,0.0625
gap_f1,SL,"-0.000 [-0.003, +0.003] (2/5)",0.9371079277192849,1.0,1.0
gap_f1,SE,"-0.002 [-0.006, +0.003] (3/5)",0.41151167740962274,1.0,0.5
gap_f1,LE,"-0.001 [-0.007, +0.005] (3/5)",0.5833262891867104,1.0,0.5
gap_f1,SLE,"+0.002 [-0.001, +0.004] (4/5)",0.11536287181264376,0.5768143590632189,0.125
