pair,cond,cross_auc_mean_over_seeds,gap_auc_mean_over_seeds,cross_f1_mean_over_seeds,gap_f1_mean_over_seeds
ISOT->McIntire,C0,0.6234101499149559,0.37253870650455934,0.6610407621341914,0.3120163853645443
ISOT->McIntire,SLE,0.688937937581583,0.30275957094454453,0.6814330500379727,0.27593701438342216
ISOT->WELFake_residual,C0,0.6319810416917815,0.3639678147277336,0.6553495310897873,0.3177076164089483
ISOT->WELFake_residual,SLE,0.6704902638808697,0.32120724464525774,0.6809080901736515,0.2764619742477433
McIntire->ISOT,C0,0.745619539493303,0.22894821653550435,0.6818059755135605,0.2344376833369914
McIntire->ISOT,SLE,0.8583155149769365,0.10494267929174701,0.7465423089825116,0.14950888034112836
McIntire->WELFake_residual,C0,0.9145572270619062,0.060010528966901,0.8122069793939556,0.10403667945659627
McIntire->WELFake_residual,SLE,0.8915553680310134,0.07170282623767017,0.7954958443125489,0.10055534501109102
WELFake_residual->ISOT,C0,0.8031371939419703,0.1846737303287223,0.7218495954253081,0.21792986136134504
WELFake_residual->ISOT,SLE,0.894287762754665,0.07027135755437952,0.7467396764597289,0.14891113933163122
WELFake_residual->McIntire,C0,0.9234701158973142,0.06434080837337848,0.841865189470489,0.09791426731616419
WELFake_residual->McIntire,SLE,0.890683754598315,0.07387536571072961,0.8114406946350774,0.08421012115628279
