family,contrast,effect,ci_lo,ci_hi,p_t_raw,p_holm,p_signflip,same_sign,n_seeds
factorial_cross_auc,S,-0.009828587713779714,-0.012711882482225892,-0.006945292945333536,0.0006952415774188367,0.00417144946451302,0.0625,5,5
factorial_cross_auc,L,0.03751432094605688,0.035077274179082164,0.0399513677130316,1.7917547797017383e-06,1.2542283457912168e-05,0.0625,5,5
factorial_cross_auc,E,0.016875309592874983,0.010559447116957436,0.02319117206879253,0.0017622081336534042,0.00881104066826702,0.0625,5,5
factorial_cross_auc,SL,0.002729704799169034,-0.0004416940960882956,0.005901103694426363,0.0751875437037793,0.3007501748151172,0.125,4,5
factorial_cross_auc,SE,-0.00015832832535845888,-0.0038834855925689144,0.0035668289418519963,0.911751528318473,0.9968239776463335,0.875,3,5
factorial_cross_auc,LE,0.0008937184595608921,-0.0024431461022812826,0.004230583021403066,0.49841198882316673,0.9968239776463335,0.5,4,5
factorial_cross_auc,SLE,-0.002545153854793582,-0.007303829010315747,0.002213521300728583,0.21172777222775652,0.6351833166832695,0.25,4,5
random_control_cross_auc,S - R_S,-0.01588041859605576,-0.023462959346858613,-0.008297877845252908,0.004353972438369183,0.008707944876738366,0.0625,5,5
random_control_cross_auc,E - R_E,0.02131249881261634,0.017420420658480984,0.0252045769667517,0.00010913408292853106,0.00032740224878559317,0.0625,5,5
random_control_cross_auc,SE - R_SE,0.01777161522879415,0.00871021493931543,0.02683301551827287,0.005523678988952858,0.008707944876738366,0.0625,5,5
