seed,model,cond,S,L,E,T,rand_of,train,test,kind,n_train,n_test,f1,acc,ap,auc,f1_in,auc_in,gap_f1,gap_auc,pair
0,tfidf_lr,C0,0,0,0,0,,ISOT,McIntire,cross,2992,1590,0.6653601175894169,0.570440251572327,0.6142230495875557,0.6390443416004115,0.9788092835519676,0.9961269258238956,0.3134491659625507,0.35708258422348416,ISOT->McIntire
0,tfidf_lr,C0,0,0,0,0,,ISOT,WELFake_residual,cross,2992,1590,0.659606656580938,0.5754716981132075,0.6281925174121082,0.6459127407934813,0.9788092835519676,0.9961269258238956,0.31920262697102963,0.35021418503041435,ISOT->WELFake_residual
0,tfidf_lr,C0,0,0,0,0,,McIntire,ISOT,cross,2988,1590,0.6666666666666666,0.660377358490566,0.7505581417119453,0.7432095249396781,0.930741190765492,0.982437920162188,0.26407452409882537,0.23922839522250994,McIntire->ISOT
0,tfidf_lr,C0,0,0,0,0,,McIntire,WELFake_residual,cross,2988,1590,0.8163487738419618,0.7880503144654089,0.9278833061086218,0.9201123373284286,0.930741190765492,0.982437920162188,0.1143924169235302,0.06232558283375944,McIntire->WELFake_residual
0,tfidf_lr,C0,0,0,0,0,,WELFake_residual,ISOT,cross,2990,1590,0.7247885491216656,0.7339622641509433,0.7952828405995133,0.8020537162295795,0.9249743062692704,0.9810713192531374,0.20018575714760478,0.17901760302355785,WELFake_residual->ISOT
0,tfidf_lr,C0,0,0,0,0,,WELFake_residual,McIntire,cross,2990,1590,0.8508923431203224,0.8371069182389937,0.9296569611600992,0.932122938174914,0.9249743062692704,0.9810713192531374,0.074081963148948,0.04894838107822341,WELFake_residual->McIntire
0,tfidf_lr,L,0,1,0,0,,ISOT,McIntire,cross,2992,1590,0.6749256689791873,0.5874213836477987,0.6769690528525373,0.6824255369645189,0.9807497467071936,0.9969268441995716,0.30582407772800635,0.31450130723505265,ISOT->McIntire
0,tfidf_lr,L,0,1,0,0,,ISOT,WELFake_residual,cross,2992,1590,0.670993509735397,0.5855345911949685,0.6623760959505991,0.652048574027926,0.9807497467071936,0.9969268441995716,0.30975623697179666,0.3448782701716455,ISOT->WELFake_residual
0,tfidf_lr,L,0,1,0,0,,McIntire,ISOT,cross,2988,1590,0.7258485639686684,0.7358490566037735,0.8208007856790316,0.803207151615838,0.9150485436893204,0.9750872196068432,0.18919997972065206,0.1718800679910052,McIntire->ISOT
0,tfidf_lr,L,0,1,0,0,,McIntire,WELFake_residual,cross,2988,1590,0.7978835978835979,0.759748427672956,0.9244765307044842,0.9116253312764528,0.9150485436893204,0.9750872196068432,0.11716494580572256,0.06346188833039035,McIntire->WELFake_residual
0,tfidf_lr,L,0,1,0,0,,WELFake_residual,ISOT,cross,2990,1590,0.7780859916782247,0.7987421383647799,0.8906369671724435,0.8847213322257823,0.9469469469469468,0.986527905315784,0.16886095526872213,0.10180657309000174,WELFake_residual->ISOT
0,tfidf_lr,L,0,1,0,0,,WELFake_residual,McIntire,cross,2990,1590,0.8127053669222344,0.7849056603773585,0.9093307747548576,0.9058882164471342,0.9469469469469468,0.986527905315784,0.13424158002471243,0.0806396888686498,WELFake_residual->McIntire
0,tfidf_lr,E,0,0,1,0,,ISOT,McIntire,cross,2992,1590,0.6556390977443609,0.5679245283018868,0.5982111318506623,0.6189312131640362,0.9714285714285714,0.993931231506989,0.3157894736842105,0.3750000183429528,ISOT->McIntire
0,tfidf_lr,E,0,0,1,0,,ISOT,WELFake_residual,cross,2992,1590,0.6447300771208226,0.5654088050314465,0.6007609611275655,0.6148443495114909,0.9714285714285714,0.993931231506989,0.3266984943077488,0.3790868819954981,ISOT->WELFake_residual
0,tfidf_lr,E,0,0,1,0,,McIntire,ISOT,cross,2988,1590,0.7271573604060914,0.7295597484276729,0.7997329534481915,0.7962042640718325,0.9135200974421436,0.970466601575861,0.18636273703605222,0.17426233750402842,McIntire->ISOT
0,tfidf_lr,E,0,0,1,0,,McIntire,WELFake_residual,cross,2988,1590,0.8247078464106845,0.8018867924528302,0.91746459186263,0.9141220679561728,0.9135200974421436,0.970466601575861,0.08881225103145907,0.056344533619688164,McIntire->WELFake_residual
0,tfidf_lr,E,0,0,1,0,,WELFake_residual,ISOT,cross,2990,1590,0.7595593000648088,0.7666666666666667,0.8163224379418779,0.8289197420988093,0.9163265306122448,0.9758718498112438,0.15676723054743602,0.1469521077124345,WELFake_residual->ISOT
0,tfidf_lr,E,0,0,1,0,,WELFake_residual,McIntire,cross,2990,1590,0.8658682634730539,0.8591194968553459,0.9378821975327148,0.9364977651200508,0.9163265306122448,0.9758718498112438,0.05045826713919088,0.03937408469119297,WELFake_residual->McIntire
0,tfidf_lr,LE,0,1,1,0,,ISOT,McIntire,cross,2992,1590,0.6784049715173486,0.6094339622641509,0.6797316419222234,0.6861168466437246,0.9673469387755104,0.9937639016426896,0.2889419672581618,0.30764705499896494,ISOT->McIntire
0,tfidf_lr,LE,0,1,1,0,,ISOT,WELFake_residual,cross,2992,1590,0.6889903602232369,0.6144654088050314,0.6516798098794756,0.6731885605790909,0.9673469387755104,0.9937639016426896,0.27835657855227347,0.32057534106359864,ISOT->WELFake_residual
0,tfidf_lr,LE,0,1,1,0,,McIntire,ISOT,cross,2988,1590,0.7736111111111111,0.7949685534591195,0.8821784607875646,0.8701554527115225,0.9183922046285018,0.9750436875392564,0.14478109351739066,0.1048882348277339,McIntire->ISOT
0,tfidf_lr,LE,0,1,1,0,,McIntire,WELFake_residual,cross,2988,1590,0.7958740499457112,0.7635220125786164,0.907960293782652,0.8953680629721926,0.9183922046285018,0.9750436875392564,0.12251815468279059,0.07967562456706379,McIntire->WELFake_residual
0,tfidf_lr,LE,0,1,1,0,,WELFake_residual,ISOT,cross,2990,1590,0.7792760823278921,0.8044025157232705,0.9106276117147124,0.9015561093311182,0.9116465863453816,0.9724681154984184,0.1323705040174895,0.0709120061673002,WELFake_residual->ISOT
0,tfidf_lr,LE,0,1,1,0,,WELFake_residual,McIntire,cross,2990,1590,0.8188073394495413,0.8012578616352202,0.9020601552806166,0.9026430916498556,0.9116465863453816,0.9724681154984184,0.09283924689584033,0.06982502384856282,WELFake_residual->McIntire
0,tfidf_lr,R_E,0,0,0,0,E,ISOT,McIntire,cross,2992,1590,0.6526418786692759,0.5534591194968553,0.5774665680396193,0.59875163166014,0.9776422764227642,0.9969472502805836,0.3250003977534883,0.3981956186204436,ISOT->McIntire
0,tfidf_lr,R_E,0,0,0,0,E,ISOT,WELFake_residual,cross,2992,1590,0.6498973305954825,0.5710691823899371,0.6160153167578155,0.6310130137257228,0.9776422764227642,0.9969472502805836,0.32774494582728175,0.3659342365548608,ISOT->WELFake_residual
0,tfidf_lr,R_E,0,0,0,0,E,McIntire,ISOT,cross,2988,1590,0.672,0.6647798742138364,0.7119090220197084,0.7201708793164828,0.9331713244228432,0.9806406676575397,0.2611713244228432,0.26046978834105683,McIntire->ISOT
0,tfidf_lr,R_E,0,0,0,0,E,McIntire,WELFake_residual,cross,2988,1590,0.8023952095808383,0.7716981132075472,0.9253113241574098,0.9113199636090346,0.9331713244228432,0.9806406676575397,0.1307761148420049,0.0693207040485051,McIntire->WELFake_residual
0,tfidf_lr,R_E,0,0,0,0,E,WELFake_residual,ISOT,cross,2990,1590,0.7270358306188925,0.7364779874213836,0.7886383833151807,0.8088619912187018,0.9151138716356108,0.9783736353433322,0.1880780410167182,0.16951164412463038,WELFake_residual->ISOT
0,tfidf_lr,R_E,0,0,0,0,E,WELFake_residual,McIntire,cross,2990,1590,0.8318789994182665,0.8182389937106919,0.9125224151416016,0.9104782247537676,0.9151138716356108,0.9783736353433322,0.08323487221734427,0.06789541058956461,WELFake_residual->McIntire
0,tfidf_lr,R_SE,0,0,0,0,SE,ISOT,McIntire,cross,2992,1590,0.652322738386308,0.5528301886792453,0.5798210846812064,0.5957090304972114,0.9726996966632964,0.9948780736659524,0.3203769582769883,0.399169043168741,ISOT->McIntire
0,tfidf_lr,R_SE,0,0,0,0,SE,ISOT,WELFake_residual,cross,2992,1590,0.6517311608961304,0.569811320754717,0.6288207471792325,0.6415505715754914,0.9726996966632964,0.9948780736659524,0.320968535767166,0.35332750209046093,ISOT->WELFake_residual
0,tfidf_lr,R_SE,0,0,0,0,SE,McIntire,ISOT,cross,2988,1590,0.6750298685782556,0.6578616352201258,0.7204765729852471,0.7207752857877457,0.927360774818402,0.9761755212965094,0.2523309062401463,0.2554002355087637,McIntire->ISOT
0,tfidf_lr,R_SE,0,0,0,0,SE,McIntire,WELFake_residual,cross,2988,1590,0.7969843834141088,0.7628930817610063,0.9130252516811858,0.902622522843242,0.927360774818402,0.9761755212965094,0.13037639140429313,0.07355299845326746,McIntire->WELFake_residual
0,tfidf_lr,R_SE,0,0,0,0,SE,WELFake_residual,ISOT,cross,2990,1590,0.7180500658761528,0.730817610062893,0.8116423957611297,0.8135912345239509,0.9137577002053388,0.9775451484542392,0.19570763432918592,0.16395391393028835,WELFake_residual->ISOT
0,tfidf_lr,R_SE,0,0,0,0,SE,WELFake_residual,McIntire,cross,2990,1590,0.8325581395348837,0.8188679245283019,0.9201403336859514,0.9204366915865672,0.9137577002053388,0.9775451484542392,0.08119956067045508,0.057108456867672075,WELFake_residual->McIntire
1,tfidf_lr,C0,0,0,0,0,,ISOT,McIntire,cross,2988,1590,0.6673170731707317,0.5710691823899371,0.6123232159150319,0.6315288161069579,0.9684638860630722,0.99311020421436,0.30114681289234047,0.36158138810740215,ISOT->McIntire
1,tfidf_lr,C0,0,0,0,0,,ISOT,WELFake_residual,cross,2988,1590,0.6524117354549975,0.560377358490566,0.6047204612476138,0.6168110438669356,0.9684638860630722,0.99311020421436,0.3160521506080747,0.3762991603474244,ISOT->WELFake_residual
1,tfidf_lr,C0,0,0,0,0,,McIntire,ISOT,cross,2990,1590,0.6711327649208283,0.660377358490566,0.7512020919980854,0.7426810648312963,0.9027611044417768,0.9656611990129192,0.23162833952094852,0.222980134181623,McIntire->ISOT
1,tfidf_lr,C0,0,0,0,0,,McIntire,WELFake_residual,cross,2990,1590,0.8158765159867696,0.789937106918239,0.9247688728579584,0.9155966931687828,0.9027611044417768,0.9656611990129192,0.08688458845500724,0.050064505844136464,McIntire->WELFake_residual
1,tfidf_lr,C0,0,0,0,0,,WELFake_residual,ISOT,cross,2990,1590,0.7422279792746114,0.7496855345911949,0.8257342604067344,0.8318531703650963,0.9271794871794872,0.9811611060095908,0.1849515079048758,0.14930793564449452,WELFake_residual->ISOT
1,tfidf_lr,C0,0,0,0,0,,WELFake_residual,McIntire,cross,2990,1590,0.8450867052023121,0.8314465408805032,0.9242117220285968,0.9242213520034808,0.9271794871794872,0.9811611060095908,0.08209278197717507,0.056939754006110066,WELFake_residual->McIntire
1,tfidf_lr,L,0,1,0,0,,ISOT,McIntire,cross,2988,1590,0.6807440925087984,0.60062893081761,0.6779825176315764,0.6913239191487679,0.9724770642201837,0.9961709807492196,0.29173297171138524,0.3048470616004517,ISOT->McIntire
1,tfidf_lr,L,0,1,0,0,,ISOT,WELFake_residual,cross,2988,1590,0.6696562032884903,0.5830188679245283,0.6611669282999451,0.6594913175902852,0.9724770642201837,0.9961709807492196,0.30282086093169336,0.3366796631589344,ISOT->WELFake_residual
1,tfidf_lr,L,0,1,0,0,,McIntire,ISOT,cross,2990,1590,0.7245233399079553,0.7364779874213836,0.8299666436438622,0.8135928167398441,0.9056152927120668,0.9670837567136014,0.1810919528041115,0.1534909399737573,McIntire->ISOT
1,tfidf_lr,L,0,1,0,0,,McIntire,WELFake_residual,cross,2990,1590,0.8021505376344086,0.7685534591194969,0.9230687990270784,0.9137597405165936,0.9056152927120668,0.9670837567136014,0.10346475507765818,0.05332401619700777,McIntire->WELFake_residual
1,tfidf_lr,L,0,1,0,0,,WELFake_residual,ISOT,cross,2990,1590,0.7505360972122945,0.7805031446540881,0.8946273557802762,0.8819049879356038,0.9357798165137616,0.9860912151821242,0.1852437193014671,0.10418622724652038,WELFake_residual->ISOT
1,tfidf_lr,L,0,1,0,0,,WELFake_residual,McIntire,cross,2990,1590,0.8166666666666667,0.7924528301886793,0.9118114101636714,0.906831217119576,0.9357798165137616,0.9860912151821242,0.11911314984709498,0.07925999806254813,WELFake_residual->McIntire
1,tfidf_lr,E,0,0,1,0,,ISOT,McIntire,cross,2988,1590,0.6646616541353384,0.5792452830188679,0.6281235763087526,0.6457418614769985,0.962051282051282,0.9932727952653484,0.2973896279159436,0.34753093378834987,ISOT->McIntire
1,tfidf_lr,E,0,0,1,0,,ISOT,WELFake_residual,cross,2988,1590,0.6632860040567952,0.5823899371069182,0.6140588359548486,0.6280178790395949,0.962051282051282,0.9932727952653484,0.2987652779944868,0.36525491622575346,ISOT->WELFake_residual
1,tfidf_lr,E,0,0,1,0,,McIntire,ISOT,cross,2990,1590,0.7073015873015873,0.710062893081761,0.7771612443196535,0.78416676555516,0.8920863309352518,0.9535142981564813,0.18478474363366448,0.1693475326013213,McIntire->ISOT
1,tfidf_lr,E,0,0,1,0,,McIntire,WELFake_residual,cross,2990,1590,0.8244620611551529,0.8050314465408805,0.9172043806094372,0.911158577587912,0.8920863309352518,0.9535142981564813,0.06762426978009894,0.04235572056856929,McIntire->WELFake_residual
1,tfidf_lr,E,0,0,1,0,,WELFake_residual,ISOT,cross,2990,1590,0.730844793713163,0.7415094339622641,0.8306566564721147,0.8282599580712787,0.909278350515464,0.96939495969799,0.178433556802301,0.14113500162671133,WELFake_residual->ISOT
1,tfidf_lr,E,0,0,1,0,,WELFake_residual,McIntire,cross,2990,1590,0.8458257160268129,0.8408805031446541,0.9181308417326636,0.92187017918595,0.909278350515464,0.96939495969799,0.06345263448865113,0.04752478051204001,WELFake_residual->McIntire
1,tfidf_lr,LE,0,1,1,0,,ISOT,McIntire,cross,2988,1590,0.6804232804232804,0.620125786163522,0.6878095469873861,0.6971306514773941,0.9617373319544984,0.9911916298126952,0.281314051531218,0.2940609783353011,ISOT->McIntire
1,tfidf_lr,LE,0,1,1,0,,ISOT,WELFake_residual,cross,2988,1590,0.6804979253112033,0.6125786163522012,0.6663487276118705,0.682810015426605,0.9617373319544984,0.9911916298126952,0.28123940664329505,0.30838161438609013,ISOT->WELFake_residual
1,tfidf_lr,LE,0,1,1,0,,McIntire,ISOT,cross,2990,1590,0.7866761162296244,0.8106918238993711,0.9074860689278734,0.8941102013369724,0.8983451536643026,0.9635070402090288,0.11166903743467815,0.06939683887205639,McIntire->ISOT
1,tfidf_lr,LE,0,1,1,0,,McIntire,WELFake_residual,cross,2990,1590,0.7939262472885033,0.7610062893081762,0.8950438260608629,0.8874205925398522,0.8983451536643026,0.9635070402090288,0.10441890637579931,0.0760864476691766,McIntire->WELFake_residual
1,tfidf_lr,LE,0,1,1,0,,WELFake_residual,ISOT,cross,2990,1590,0.8049792531120332,0.8226415094339623,0.909368136405125,0.9014912384794904,0.9263803680981596,0.9761738598102234,0.12140111498612638,0.074682621330733,WELFake_residual->ISOT
1,tfidf_lr,LE,0,1,1,0,,WELFake_residual,McIntire,cross,2990,1590,0.8200224971878515,0.7987421383647799,0.9037590663935168,0.9021272892686208,0.9263803680981596,0.9761738598102234,0.10635787091030813,0.07404657054160257,WELFake_residual->McIntire
1,tfidf_lr,R_E,0,0,0,0,E,ISOT,McIntire,cross,2988,1590,0.6583912611717975,0.5672955974842767,0.607208716777784,0.6266255290534393,0.9696356275303644,0.9939312890218522,0.3112443663585669,0.36730575996841297,ISOT->McIntire
1,tfidf_lr,R_E,0,0,0,0,E,ISOT,WELFake_residual,cross,2988,1590,0.655241935483871,0.569811320754717,0.6114630559118247,0.6292425141410545,0.9696356275303644,0.9939312890218522,0.31439369204649337,0.36468877488079776,ISOT->WELFake_residual
1,tfidf_lr,R_E,0,0,0,0,E,McIntire,ISOT,cross,2990,1590,0.6614173228346457,0.6484276729559748,0.7224823044934696,0.714560341758633,0.9033816425120772,0.9628973726230222,0.24196431967743148,0.24833703086438919,McIntire->ISOT
1,tfidf_lr,R_E,0,0,0,0,E,McIntire,WELFake_residual,cross,2990,1590,0.8118811881188119,0.7849056603773585,0.9200703188233916,0.9109101696926548,0.9033816425120772,0.9628973726230222,0.09150045439326526,0.051987202930367404,McIntire->WELFake_residual
1,tfidf_lr,R_E,0,0,0,0,E,WELFake_residual,ISOT,cross,2990,1590,0.729518855656697,0.7383647798742138,0.8003501366929868,0.80728768640481,0.9347150259067356,0.9814916845219877,0.20519617025003856,0.17420399811717768,WELFake_residual->ISOT
1,tfidf_lr,R_E,0,0,0,0,E,WELFake_residual,McIntire,cross,2990,1590,0.8339181286549707,0.8213836477987422,0.9062183237745308,0.9086191210790712,0.9347150259067356,0.9814916845219877,0.10079689725176488,0.07287256344291648,WELFake_residual->McIntire
1,tfidf_lr,R_SE,0,0,0,0,SE,ISOT,McIntire,cross,2988,1590,0.6713008937437934,0.5836477987421383,0.6101510946922188,0.6291096080060125,0.9734151329243352,0.9958579929760666,0.3021142391805418,0.36674838497005413,ISOT->McIntire
1,tfidf_lr,R_SE,0,0,0,0,SE,ISOT,WELFake_residual,cross,2988,1590,0.6336533602829711,0.5440251572327044,0.579232540549008,0.5895368062972193,0.9734151329243352,0.9958579929760666,0.3397617726413641,0.4063211866788473,ISOT->WELFake_residual
1,tfidf_lr,R_SE,0,0,0,0,SE,McIntire,ISOT,cross,2990,1590,0.6496133254015467,0.6295597484276729,0.6887707362622201,0.6947731497962898,0.9008363201911588,0.97171142400929,0.2512229947896121,0.2769382742130002,McIntire->ISOT
1,tfidf_lr,R_SE,0,0,0,0,SE,McIntire,WELFake_residual,cross,2990,1590,0.8096280087527352,0.7811320754716982,0.920788920414951,0.9111870574739924,0.9008363201911588,0.97171142400929,0.09120831143842356,0.06052436653529758,McIntire->WELFake_residual
1,tfidf_lr,R_SE,0,0,0,0,SE,WELFake_residual,ISOT,cross,2990,1590,0.7176470588235294,0.7283018867924528,0.7958422062171204,0.804684941260235,0.932502596053998,0.982238547087032,0.21485553723046857,0.1775536058267969,WELFake_residual->ISOT
1,tfidf_lr,R_SE,0,0,0,0,SE,WELFake_residual,McIntire,cross,2990,1590,0.824143934997098,0.809433962264151,0.9117266399274984,0.909036826074918,0.932502596053998,0.982238547087032,0.10835866105689995,0.07320172101211397,WELFake_residual->McIntire
2,tfidf_lr,C0,0,0,0,0,,ISOT,McIntire,cross,2990,1590,0.6617357001972387,0.5685534591194968,0.589769042257394,0.613040623393062,0.9717171717171718,0.9937516579940822,0.30998147151993305,0.3807110346010202,ISOT->McIntire
2,tfidf_lr,C0,0,0,0,0,,ISOT,WELFake_residual,cross,2990,1590,0.6517766497461929,0.5685534591194968,0.6171970843082838,0.6350033622087734,0.9717171717171718,0.9937516579940822,0.3199405219709789,0.35874829578530876,ISOT->WELFake_residual
2,tfidf_lr,C0,0,0,0,0,,McIntire,ISOT,cross,2988,1590,0.674432863274065,0.6660377358490566,0.7494380047944006,0.7438044381155808,0.913939393939394,0.974426526811097,0.239506530665329,0.23062208869551615,McIntire->ISOT
2,tfidf_lr,C0,0,0,0,0,,McIntire,WELFake_residual,cross,2988,1590,0.8041575492341356,0.7748427672955975,0.9127369291026072,0.9063217436019144,0.913939393939394,0.974426526811097,0.10978184470525842,0.06810478320918256,McIntire->WELFake_residual
2,tfidf_lr,C0,0,0,0,0,,WELFake_residual,ISOT,cross,2992,1590,0.7337201805286911,0.740251572327044,0.7975908632320107,0.8124504568648394,0.9337474120082816,0.988164473012958,0.20002723147959045,0.17571401614811855,WELFake_residual->ISOT
2,tfidf_lr,C0,0,0,0,0,,WELFake_residual,McIntire,cross,2992,1590,0.8418013856812933,0.8276729559748428,0.9198049137505804,0.919408251255884,0.9337474120082816,0.988164473012958,0.09194602632698834,0.06875622175707397,WELFake_residual->McIntire
2,tfidf_lr,L,0,1,0,0,,ISOT,McIntire,cross,2990,1590,0.6630054917623565,0.5754716981132075,0.6447197513802765,0.6588695067441952,0.9696969696969696,0.9940985613712886,0.30669147793461315,0.3352290546270934,ISOT->McIntire
2,tfidf_lr,L,0,1,0,0,,ISOT,WELFake_residual,cross,2990,1590,0.6726907630522089,0.589937106918239,0.659452622358712,0.6729180016613268,0.9696969696969696,0.9940985613712886,0.29700620664476074,0.32118055970996184,ISOT->WELFake_residual
2,tfidf_lr,L,0,1,0,0,,McIntire,ISOT,cross,2988,1590,0.7074468085106383,0.7232704402515723,0.815087206743326,0.7988861200110755,0.8942891859052248,0.9672152239976473,0.18684237739458642,0.16832910398657175,McIntire->ISOT
2,tfidf_lr,L,0,1,0,0,,McIntire,WELFake_residual,cross,2988,1590,0.7853347502656748,0.7459119496855345,0.9123205387153048,0.899415371227404,0.8942891859052248,0.9672152239976473,0.10895443563954998,0.06779985277024325,McIntire->WELFake_residual
2,tfidf_lr,L,0,1,0,0,,WELFake_residual,ISOT,cross,2992,1590,0.7746979388770433,0.8006289308176101,0.8958522109867806,0.8766203868517859,0.9448979591836736,0.9884624017957352,0.17020002030663028,0.1118420149439493,WELFake_residual->ISOT
2,tfidf_lr,L,0,1,0,0,,WELFake_residual,McIntire,cross,2992,1590,0.8106312292358804,0.7849056603773585,0.9042771098923076,0.8968205371622957,0.9448979591836736,0.9884624017957352,0.1342667299477932,0.09164186463343948,WELFake_residual->McIntire
2,tfidf_lr,E,0,0,1,0,,ISOT,McIntire,cross,2990,1590,0.6793587174348698,0.5974842767295597,0.6448833314138641,0.6685447569320835,0.9766022380467956,0.9955065809611264,0.2972435206119258,0.32696182402904295,ISOT->McIntire
2,tfidf_lr,E,0,0,1,0,,ISOT,WELFake_residual,cross,2990,1590,0.6612244897959184,0.5823899371069182,0.6202629583400789,0.6363229302638346,0.9766022380467956,0.9955065809611264,0.31537774825087717,0.35918365069729186,ISOT->WELFake_residual
2,tfidf_lr,E,0,0,1,0,,McIntire,ISOT,cross,2988,1590,0.7055837563451777,0.7081761006289308,0.778505249773575,0.778502432656936,0.9082007343941249,0.9669456425840603,0.20261697804894718,0.18844320992712438,McIntire->ISOT
2,tfidf_lr,E,0,0,1,0,,McIntire,WELFake_residual,cross,2988,1590,0.8083700440528634,0.7811320754716982,0.9075562544074188,0.902348799493691,0.9082007343941249,0.9669456425840603,0.09983069034126146,0.0645968430903694,McIntire->WELFake_residual
2,tfidf_lr,E,0,0,1,0,,WELFake_residual,ISOT,cross,2992,1590,0.729693741677763,0.7446540880503144,0.807241374513076,0.8227491001147106,0.9176954732510288,0.9768513416998266,0.18800173157326583,0.15410224158511598,WELFake_residual->ISOT
2,tfidf_lr,E,0,0,1,0,,WELFake_residual,McIntire,cross,2992,1590,0.8438818565400844,0.8371069182389937,0.9180079770421145,0.9187326450694198,0.9176954732510288,0.9768513416998266,0.07381361671094444,0.05811869663040681,WELFake_residual->McIntire
2,tfidf_lr,LE,0,1,1,0,,ISOT,McIntire,cross,2990,1590,0.6990692864529473,0.6339622641509434,0.6751225821708036,0.7009263874055616,0.9688442211055276,0.9944291398836852,0.2697749346525803,0.29350275247812363,ISOT->McIntire
2,tfidf_lr,LE,0,1,1,0,,ISOT,WELFake_residual,cross,2990,1590,0.6915219611848825,0.620125786163522,0.6639006247829033,0.68292551718682,0.9688442211055276,0.9944291398836852,0.2773222599206451,0.31150362269686516,ISOT->WELFake_residual
2,tfidf_lr,LE,0,1,1,0,,McIntire,ISOT,cross,2988,1590,0.7953929539295393,0.810062893081761,0.8992119538240735,0.8881183497488233,0.900726392251816,0.9706707675718068,0.1053334383222767,0.0825524178229835,McIntire->ISOT
2,tfidf_lr,LE,0,1,1,0,,McIntire,WELFake_residual,cross,2988,1590,0.7980508933405522,0.7654088050314466,0.9042570711527588,0.8972508998852894,0.900726392251816,0.9706707675718068,0.10267549891126382,0.07341986768651743,McIntire->WELFake_residual
2,tfidf_lr,LE,0,1,1,0,,WELFake_residual,ISOT,cross,2992,1590,0.8014134275618374,0.8232704402515724,0.9207733362635389,0.9073660060915312,0.9281437125748504,0.9788307315580044,0.12673028501301298,0.0714647254664732,WELFake_residual->ISOT
2,tfidf_lr,LE,0,1,1,0,,WELFake_residual,McIntire,cross,2992,1590,0.8196166854565953,0.7987421383647799,0.9150602416454284,0.9093469403900162,0.9281437125748504,0.9788307315580044,0.10852702711825513,0.0694837911679882,WELFake_residual->McIntire
2,tfidf_lr,R_E,0,0,0,0,E,ISOT,McIntire,cross,2990,1590,0.6606786427145709,0.5723270440251572,0.6229219086692551,0.6375902851944147,0.9748237663645518,0.9948331802877256,0.31414512364998093,0.35724289509331086,ISOT->McIntire
2,tfidf_lr,R_E,0,0,0,0,E,ISOT,WELFake_residual,cross,2990,1590,0.6501516683518705,0.5647798742138365,0.6103768674556488,0.6198441517345041,0.9748237663645518,0.9948331802877256,0.32467209801268127,0.37498902855322147,ISOT->WELFake_residual
2,tfidf_lr,R_E,0,0,0,0,E,McIntire,ISOT,cross,2988,1590,0.6622754491017964,0.6452830188679245,0.7223878575542663,0.7191250346109725,0.905055487053021,0.9670069110871484,0.2427800379512246,0.24788187647617588,McIntire->ISOT
2,tfidf_lr,R_E,0,0,0,0,E,McIntire,WELFake_residual,cross,2988,1590,0.825536598789213,0.8006289308176101,0.9195333312279348,0.9131774850678376,0.905055487053021,0.9670069110871484,0.07951888826380793,0.053829426019310844,McIntire->WELFake_residual
2,tfidf_lr,R_E,0,0,0,0,E,WELFake_residual,ISOT,cross,2992,1590,0.700832799487508,0.7062893081761006,0.7479412898864861,0.7732067560618647,0.9194214876033058,0.981467197224773,0.2185886881157978,0.20826044116290832,WELFake_residual->ISOT
2,tfidf_lr,R_E,0,0,0,0,E,WELFake_residual,McIntire,cross,2992,1590,0.8382608695652174,0.8245283018867925,0.9172912423346476,0.9222388354891023,0.9194214876033058,0.981467197224773,0.08116061803808838,0.0592283617356707,WELFake_residual->McIntire
2,tfidf_lr,R_SE,0,0,0,0,SE,ISOT,McIntire,cross,2990,1590,0.6669931439764937,0.5723270440251572,0.617610079345551,0.6380269767809817,0.9717171717171718,0.9947189062340578,0.3047240277406781,0.35669192945307604,ISOT->McIntire
2,tfidf_lr,R_SE,0,0,0,0,SE,ISOT,WELFake_residual,cross,2990,1590,0.6407669021190716,0.5522012578616352,0.6118032443368548,0.6220908983030734,0.9717171717171718,0.9947189062340578,0.33095026959810014,0.3726280079309844,ISOT->WELFake_residual
2,tfidf_lr,R_SE,0,0,0,0,SE,McIntire,ISOT,cross,2988,1590,0.668693009118541,0.6572327044025157,0.7138325483735719,0.7225078121909735,0.9082007343941249,0.9680729830408784,0.23950772527558384,0.24556517084990492,McIntire->ISOT
2,tfidf_lr,R_SE,0,0,0,0,SE,McIntire,WELFake_residual,cross,2988,1590,0.8032876712328767,0.7742138364779875,0.9137706062167584,0.9004184961037933,0.9082007343941249,0.9680729830408784,0.10491306316124815,0.06765448693708509,McIntire->WELFake_residual
2,tfidf_lr,R_SE,0,0,0,0,SE,WELFake_residual,ISOT,cross,2992,1590,0.729456384323641,0.730817610062893,0.7861371716639548,0.7947612831770895,0.9322381930184804,0.9863238445056626,0.20278180869483942,0.19156256132857308,WELFake_residual->ISOT
2,tfidf_lr,R_SE,0,0,0,0,SE,WELFake_residual,McIntire,cross,2992,1590,0.8356643356643356,0.8226415094339623,0.9129078709032123,0.9184763260946956,0.9322381930184804,0.9863238445056626,0.09657385735414481,0.06784751841096692,WELFake_residual->McIntire
3,tfidf_lr,C0,0,0,0,0,,ISOT,McIntire,cross,2988,1590,0.6471734892787524,0.5446540880503145,0.5876685922243455,0.6036786519520588,0.977687626774848,0.9971971348489568,0.3305141374960956,0.39351848289689795,ISOT->McIntire
3,tfidf_lr,C0,0,0,0,0,,ISOT,WELFake_residual,cross,2988,1590,0.6626384692849949,0.5786163522012578,0.6362747031142812,0.649670503540208,0.977687626774848,0.9971971348489568,0.31504915748985307,0.3475266313087487,ISOT->WELFake_residual
3,tfidf_lr,C0,0,0,0,0,,McIntire,ISOT,cross,2992,1590,0.6770573566084788,0.6742138364779874,0.7536223890775754,0.7511395909971916,0.913730255164034,0.9720674438119156,0.2366728985555553,0.22092785281472394,McIntire->ISOT
3,tfidf_lr,C0,0,0,0,0,,McIntire,WELFake_residual,cross,2992,1590,0.8013136288998358,0.7716981132075472,0.9129062325410192,0.904620861516554,0.913730255164034,0.9720674438119156,0.11241662626419824,0.0674465822953616,McIntire->WELFake_residual
3,tfidf_lr,C0,0,0,0,0,,WELFake_residual,ISOT,cross,2992,1590,0.7162249515190692,0.7238993710691823,0.7952988810067949,0.8063763300502353,0.9411764705882352,0.9871349830905308,0.224951519069166,0.18075865304029548,WELFake_residual->ISOT
3,tfidf_lr,C0,0,0,0,0,,WELFake_residual,McIntire,cross,2992,1590,0.832463768115942,0.8182389937106919,0.9226747928374492,0.9213338079981014,0.9411764705882352,0.9871349830905308,0.10871270247229314,0.06580117509242944,WELFake_residual->McIntire
3,tfidf_lr,L,0,1,0,0,,ISOT,McIntire,cross,2988,1590,0.6686868686868687,0.5874213836477987,0.6528031378616403,0.6629642814762075,0.9725330620549338,0.9952179186677376,0.3038461933680652,0.3322536371915301,ISOT->McIntire
3,tfidf_lr,L,0,1,0,0,,ISOT,WELFake_residual,cross,2988,1590,0.6615853658536586,0.5811320754716981,0.6767952885484534,0.6749321624935722,0.9725330620549338,0.9952179186677376,0.31094769620127527,0.3202857561741653,ISOT->WELFake_residual
3,tfidf_lr,L,0,1,0,0,,McIntire,ISOT,cross,2992,1590,0.7145708582834331,0.730188679245283,0.8350567063437615,0.811069182389937,0.914004914004914,0.9728763831957936,0.19943405572148087,0.16180720080585664,McIntire->ISOT
3,tfidf_lr,L,0,1,0,0,,McIntire,WELFake_residual,cross,2992,1590,0.7965461413923367,0.7628930817610063,0.9233568174872524,0.9101475416320558,0.914004914004914,0.9728763831957936,0.11745877261257731,0.06272884156373781,McIntire->WELFake_residual
3,tfidf_lr,L,0,1,0,0,,WELFake_residual,ISOT,cross,2992,1590,0.7599431818181818,0.7874213836477988,0.8792267690250576,0.864188916577667,0.9410569105691056,0.9856310158688864,0.1811137287509238,0.1214420992912193,WELFake_residual->ISOT
3,tfidf_lr,L,0,1,0,0,,WELFake_residual,McIntire,cross,2992,1590,0.8030551009274414,0.7729559748427673,0.9045944242903322,0.900663739567264,0.9410569105691056,0.9856310158688864,0.1380018096416642,0.08496727630162237,WELFake_residual->McIntire
3,tfidf_lr,E,0,0,1,0,,ISOT,McIntire,cross,2988,1590,0.6659772492244054,0.5937106918238994,0.6111001954961358,0.6422087733871287,0.9643947100712106,0.9925994525397892,0.2984174608468052,0.35039067915266053,ISOT->McIntire
3,tfidf_lr,E,0,0,1,0,,ISOT,WELFake_residual,cross,2988,1590,0.6349869451697128,0.560377358490566,0.614182669175398,0.6308168189549463,0.9643947100712106,0.9925994525397892,0.3294077649014978,0.36178263358484286,ISOT->WELFake_residual
3,tfidf_lr,E,0,0,1,0,,McIntire,ISOT,cross,2992,1590,0.7219701879455606,0.730188679245283,0.7971288303210815,0.7994019223923104,0.8974042027194067,0.959788468387977,0.17543401477384613,0.1603865459956666,McIntire->ISOT
3,tfidf_lr,E,0,0,1,0,,McIntire,WELFake_residual,cross,2992,1590,0.8033333333333333,0.7773584905660378,0.9022621892414758,0.8971322336932875,0.8974042027194067,0.959788468387977,0.09407086938607334,0.0626562346946895,McIntire->WELFake_residual
3,tfidf_lr,E,0,0,1,0,,WELFake_residual,ISOT,cross,2992,1590,0.7306666666666667,0.7459119496855345,0.8192354779239082,0.8268834302440567,0.9219858156028368,0.976802321800208,0.19131914893617008,0.14991889155615123,WELFake_residual->ISOT
3,tfidf_lr,E,0,0,1,0,,WELFake_residual,McIntire,cross,2992,1590,0.8406326034063261,0.8352201257861636,0.9247009992464632,0.9179383726909536,0.9219858156028368,0.976802321800208,0.0813532121965107,0.05886394910925441,WELFake_residual->McIntire
3,tfidf_lr,LE,0,1,1,0,,ISOT,McIntire,cross,2988,1590,0.6896551724137931,0.620754716981132,0.6794493443083798,0.6967762351172818,0.9634146341463414,0.990435837335475,0.2737594617325483,0.2936596022181932,ISOT->McIntire
3,tfidf_lr,LE,0,1,1,0,,ISOT,WELFake_residual,cross,2988,1590,0.6945436002039775,0.6232704402515723,0.6965810671317098,0.693482061627309,0.9634146341463414,0.990435837335475,0.2688710339423639,0.29695377570816606,ISOT->WELFake_residual
3,tfidf_lr,LE,0,1,1,0,,McIntire,ISOT,cross,2992,1590,0.7810063784549964,0.8056603773584906,0.9003220820903405,0.8804303627229936,0.902439024390244,0.9678295673381668,0.12143264593524761,0.08739920461517325,McIntire->ISOT
3,tfidf_lr,LE,0,1,1,0,,McIntire,WELFake_residual,cross,2992,1590,0.7942794279427943,0.7647798742138365,0.8993396849911586,0.8934235196392548,0.902439024390244,0.9678295673381668,0.10815959644744977,0.07440604769891201,McIntire->WELFake_residual
3,tfidf_lr,LE,0,1,1,0,,WELFake_residual,ISOT,cross,2992,1590,0.7921896792189679,0.8125786163522013,0.9123229050898364,0.9086460187492584,0.9277721261444556,0.9796598595213318,0.1355824469254877,0.0710138407720734,WELFake_residual->ISOT
3,tfidf_lr,LE,0,1,1,0,,WELFake_residual,McIntire,cross,2992,1590,0.8195615514333895,0.7981132075471699,0.9159749335159691,0.909214034254974,0.9277721261444556,0.9796598595213318,0.1082105747110661,0.07044582526635779,WELFake_residual->McIntire
3,tfidf_lr,R_E,0,0,0,0,E,ISOT,McIntire,cross,2988,1590,0.6516634050880626,0.5522012578616352,0.6204914203011851,0.6211194177445511,0.9714285714285714,0.9947220901834156,0.3197651663405088,0.37360267243886447,ISOT->McIntire
3,tfidf_lr,R_E,0,0,0,0,E,ISOT,WELFake_residual,cross,2988,1590,0.6526315789473685,0.5641509433962264,0.5925155221802344,0.607420592539852,0.9714285714285714,0.9947220901834156,0.31879699248120297,0.3873014976435636,ISOT->WELFake_residual
3,tfidf_lr,R_E,0,0,0,0,E,McIntire,ISOT,cross,2992,1590,0.6842105263157895,0.6754716981132075,0.7553434524249925,0.7499719156678929,0.9099876695437732,0.9699786898804098,0.2257771432279837,0.2200067742125169,McIntire->ISOT
3,tfidf_lr,R_E,0,0,0,0,E,McIntire,WELFake_residual,cross,2992,1590,0.8117519042437432,0.7823899371069183,0.9140621287272191,0.906549582690558,0.9099876695437732,0.9699786898804098,0.09823576530002998,0.06342910718985184,McIntire->WELFake_residual
3,tfidf_lr,R_E,0,0,0,0,E,WELFake_residual,ISOT,cross,2992,1590,0.7110536522301228,0.7188679245283018,0.7821909299829938,0.7904639848107274,0.9164969450101832,0.9787290257544224,0.20544329278006035,0.188265040943695,WELFake_residual->ISOT
3,tfidf_lr,R_E,0,0,0,0,E,WELFake_residual,McIntire,cross,2992,1590,0.820250284414107,0.8012578616352202,0.9001343349990493,0.9026953047743366,0.9164969450101832,0.9787290257544224,0.09624666059607623,0.07603372098008587,WELFake_residual->McIntire
3,tfidf_lr,R_SE,0,0,0,0,SE,ISOT,McIntire,cross,2988,1590,0.6573982125124131,0.5660377358490566,0.593079926416697,0.6147367588307424,0.9674134419551936,0.9931690406333492,0.3100152294427805,0.3784322818026068,ISOT->McIntire
3,tfidf_lr,R_SE,0,0,0,0,SE,ISOT,WELFake_residual,cross,2988,1590,0.6433282597666159,0.5578616352201258,0.6144091262510564,0.6230782010205292,0.9674134419551936,0.9931690406333492,0.32408518218857774,0.37009083961281997,ISOT->WELFake_residual
3,tfidf_lr,R_SE,0,0,0,0,SE,McIntire,ISOT,cross,2992,1590,0.667065868263473,0.650314465408805,0.7118678875086774,0.7072441754677425,0.9178743961352656,0.972526245253518,0.25080852787179253,0.2652820697857755,McIntire->ISOT
3,tfidf_lr,R_SE,0,0,0,0,SE,McIntire,WELFake_residual,cross,2992,1590,0.8177777777777778,0.7937106918238994,0.9233206269555648,0.9146505280645546,0.9178743961352656,0.972526245253518,0.10009661835748773,0.05787571718896345,McIntire->WELFake_residual
3,tfidf_lr,R_SE,0,0,0,0,SE,WELFake_residual,ISOT,cross,2992,1590,0.7287602265575834,0.7289308176100628,0.7809797701414942,0.7952454412404573,0.923702950152594,0.9803061589490116,0.19494272359501053,0.18506071770855437,WELFake_residual->ISOT
3,tfidf_lr,R_SE,0,0,0,0,SE,WELFake_residual,McIntire,cross,2992,1590,0.8298368298368298,0.8163522012578617,0.9057275028823302,0.910995609350896,0.923702950152594,0.9803061589490116,0.09386612031576413,0.06931054959811567,WELFake_residual->McIntire
4,tfidf_lr,C0,0,0,0,0,,ISOT,McIntire,cross,2992,1590,0.6640625,0.5672955974842767,0.5928825460608229,0.6132842846406392,0.973630831643002,0.996016981101149,0.309568331643002,0.3827326964605098,ISOT->McIntire
4,tfidf_lr,C0,0,0,0,0,,ISOT,WELFake_residual,cross,2992,1590,0.6626384692849949,0.5786163522012578,0.6143342577666917,0.6346758435188482,0.973630831643002,0.996016981101149,0.3109923623580071,0.3613411375823008,ISOT->WELFake_residual
4,tfidf_lr,C0,0,0,0,0,,McIntire,ISOT,cross,2988,1590,0.6770149253731343,0.6597484276729559,0.7289115007600718,0.7280961987263161,0.9200463499420626,0.978245690345917,0.24303142456892823,0.25014949161960087,McIntire->ISOT
4,tfidf_lr,C0,0,0,0,0,,McIntire,WELFake_residual,cross,2988,1590,0.801078167115903,0.7679245283018868,0.9216551319482952,0.911701277639334,0.9200463499420626,0.978245690345917,0.11896818282615962,0.06654441270658307,McIntire->WELFake_residual
4,tfidf_lr,C0,0,0,0,0,,WELFake_residual,ISOT,cross,2988,1590,0.7134426229508197,0.7251572327044025,0.7861190488431102,0.7975649697401211,0.9400826446280992,0.9862258953168044,0.22664002167727948,0.18866092557668324,WELFake_residual->ISOT
4,tfidf_lr,C0,0,0,0,0,,WELFake_residual,McIntire,cross,2988,1590,0.8441019561351512,0.8345911949685535,0.9200573245487444,0.9188117558640876,0.9400826446280992,0.9862258953168044,0.09598068849294805,0.06741413945271679,WELFake_residual->McIntire
4,tfidf_lr,L,0,1,0,0,,ISOT,McIntire,cross,2992,1590,0.676056338028169,0.5949685534591195,0.6701186591067936,0.6850361931885606,0.966153846153846,0.9931444540969364,0.29009750812567703,0.30810826090837584,ISOT->McIntire
4,tfidf_lr,L,0,1,0,0,,ISOT,WELFake_residual,cross,2992,1590,0.6632600919775166,0.5855345911949685,0.6542688943277488,0.6580578299909023,0.966153846153846,0.9931444540969364,0.30289375417632947,0.33508662410603407,ISOT->WELFake_residual
4,tfidf_lr,L,0,1,0,0,,McIntire,ISOT,cross,2988,1590,0.7045604758757436,0.7188679245283018,0.8156349661261987,0.7896064237965271,0.9254079254079254,0.975670199858062,0.22084744953218183,0.1860637760615349,McIntire->ISOT
4,tfidf_lr,L,0,1,0,0,,McIntire,WELFake_residual,cross,2988,1590,0.7819706498951782,0.7383647798742138,0.9016308826252668,0.890760650290732,0.9254079254079254,0.975670199858062,0.1434372755127472,0.08490954956732999,McIntire->WELFake_residual
4,tfidf_lr,L,0,1,0,0,,WELFake_residual,ISOT,cross,2988,1590,0.7895100069013112,0.8081761006289309,0.8954169519945016,0.8902986432498714,0.9437052200614124,0.9859687786960514,0.1541952131601012,0.09567013544617997,WELFake_residual->ISOT
4,tfidf_lr,L,0,1,0,0,,WELFake_residual,McIntire,cross,2988,1590,0.8163934426229508,0.7886792452830189,0.9113291029202018,0.9076919425655632,0.9437052200614124,0.9859687786960514,0.12731177743846167,0.07827683613048819,WELFake_residual->McIntire
4,tfidf_lr,E,0,0,1,0,,ISOT,McIntire,cross,2992,1590,0.6570545829042225,0.5811320754716981,0.6018830391773269,0.6349495668683992,0.9618949536560248,0.9925052041502074,0.30484037075180237,0.35755563728180817,ISOT->McIntire
4,tfidf_lr,E,0,0,1,0,,ISOT,WELFake_residual,cross,2992,1590,0.6470891293147862,0.5691823899371069,0.6100018867270307,0.6241825877140936,0.9618949536560248,0.9925052041502074,0.3148058243412386,0.36832261643611375,ISOT->WELFake_residual
4,tfidf_lr,E,0,0,1,0,,McIntire,ISOT,cross,2988,1590,0.7260012714558169,0.7289308176100628,0.802751762994287,0.800979391637989,0.9078179696616102,0.9659520157505552,0.18181669820579327,0.1649726241125662,McIntire->ISOT
4,tfidf_lr,E,0,0,1,0,,McIntire,WELFake_residual,cross,2988,1590,0.8164835164835165,0.789937106918239,0.9230596147056525,0.9170096119615524,0.9078179696616102,0.9659520157505552,0.09133445317809374,0.04894240378900283,McIntire->WELFake_residual
4,tfidf_lr,E,0,0,1,0,,WELFake_residual,ISOT,cross,2988,1590,0.742040285899935,0.7503144654088051,0.8178537175866212,0.8265970491673589,0.9019607843137256,0.9701663095602492,0.15992049841379063,0.1435692603928903,WELFake_residual->ISOT
4,tfidf_lr,E,0,0,1,0,,WELFake_residual,McIntire,cross,2988,1590,0.8557806912991657,0.8477987421383648,0.9242707901231636,0.9283999841778412,0.9019607843137256,0.9701663095602492,0.04618009301455994,0.04176632538240799,WELFake_residual->McIntire
4,tfidf_lr,LE,0,1,1,0,,ISOT,McIntire,cross,2992,1590,0.6959247648902821,0.6339622641509434,0.6996868570288735,0.70999881333808,0.9648760330578512,0.99366896687374,0.2689512681675691,0.28367015353565994,ISOT->McIntire
4,tfidf_lr,LE,0,1,1,0,,ISOT,WELFake_residual,cross,2992,1590,0.6913199794555727,0.6220125786163522,0.6883205401591929,0.7017333175111744,0.9648760330578512,0.99366896687374,0.2735560536022785,0.29193564936256555,ISOT->WELFake_residual
4,tfidf_lr,LE,0,1,1,0,,McIntire,ISOT,cross,2988,1590,0.7581329561527581,0.7849056603773585,0.8918527048584568,0.8753356275463786,0.9074074074074074,0.970919850736018,0.14927445125464933,0.09558422318963944,McIntire->ISOT
4,tfidf_lr,LE,0,1,1,0,,McIntire,WELFake_residual,cross,2988,1590,0.7975995635570103,0.7666666666666667,0.9077446309549426,0.8966180135279458,0.9074074074074074,0.970919850736018,0.1098078438503971,0.07430183720807226,McIntire->WELFake_residual
4,tfidf_lr,LE,0,1,1,0,,WELFake_residual,ISOT,cross,2988,1590,0.7748391708363116,0.8018867924528302,0.9032457302517488,0.8912732882401804,0.9139344262295082,0.9767329864299562,0.13909525539319656,0.08545969818977583,WELFake_residual->ISOT
4,tfidf_lr,LE,0,1,1,0,,WELFake_residual,McIntire,cross,2988,1590,0.8142695356738392,0.7937106918238994,0.9046468240254304,0.8984913571456825,0.9139344262295082,0.9767329864299562,0.09966489055566896,0.0782416292842737,WELFake_residual->McIntire
4,tfidf_lr,R_E,0,0,0,0,E,ISOT,McIntire,cross,2992,1590,0.6680020030045067,0.5830188679245283,0.629668544407784,0.6454428226731539,0.9653061224489796,0.9943205100886756,0.2973041194444729,0.3488776874155217,ISOT->McIntire
4,tfidf_lr,R_E,0,0,0,0,E,ISOT,WELFake_residual,cross,2992,1590,0.6515609264853978,0.5647798742138365,0.5949418199812836,0.6174550057355326,0.9653061224489796,0.9943205100886756,0.31374519596358186,0.37686550435314303,ISOT->WELFake_residual
4,tfidf_lr,R_E,0,0,0,0,E,McIntire,ISOT,cross,2988,1590,0.6722588376273217,0.6559748427672956,0.7222267710915795,0.7241833788220403,0.9232558139534884,0.9766889494288132,0.2509969763261667,0.2525055706067729,McIntire->ISOT
4,tfidf_lr,R_E,0,0,0,0,E,McIntire,WELFake_residual,cross,2988,1590,0.8187261839956451,0.7905660377358491,0.9239910425127268,0.9161204066294846,0.9232558139534884,0.9766889494288132,0.10452962995784332,0.06056854279932866,McIntire->WELFake_residual
4,tfidf_lr,R_E,0,0,0,0,E,WELFake_residual,ISOT,cross,2988,1590,0.7090084251458199,0.7176100628930817,0.7921280126998403,0.799925635853012,0.9261186264308012,0.9833649627589022,0.21711020128498137,0.18343932690589015,WELFake_residual->ISOT
4,tfidf_lr,R_E,0,0,0,0,E,WELFake_residual,McIntire,cross,2988,1590,0.8491228070175438,0.8377358490566038,0.9235097973248088,0.92561528420553,0.9261186264308012,0.9833649627589022,0.0769958194132574,0.05774967855337221,WELFake_residual->McIntire
4,tfidf_lr,R_SE,0,0,0,0,SE,ISOT,McIntire,cross,2992,1590,0.6577247888723299,0.5666666666666667,0.6089649912253631,0.623843993512915,0.9682051282051282,0.9958243865659164,0.3104803393327983,0.37198039305300146,ISOT->McIntire
4,tfidf_lr,R_SE,0,0,0,0,SE,ISOT,WELFake_residual,cross,2992,1590,0.6517311608961304,0.569811320754717,0.6298265640970663,0.6338657489814485,0.9682051282051282,0.9958243865659164,0.3164739673089978,0.3619586375844679,ISOT->WELFake_residual
4,tfidf_lr,R_SE,0,0,0,0,SE,McIntire,ISOT,cross,2988,1590,0.6698737221888154,0.6547169811320754,0.7354669206817812,0.7275313476523871,0.9122401847575058,0.972488038277512,0.24236646256869043,0.24495669062512482,McIntire->ISOT
4,tfidf_lr,R_SE,0,0,0,0,SE,McIntire,WELFake_residual,cross,2988,1590,0.8,0.7685534591194969,0.9092826347192914,0.8994675843518848,0.9122401847575058,0.972488038277512,0.11224018475750575,0.07302045392562717,McIntire->WELFake_residual
4,tfidf_lr,R_SE,0,0,0,0,SE,WELFake_residual,ISOT,cross,2988,1590,0.704885993485342,0.7150943396226415,0.780681382446709,0.7880748388117559,0.9314227226202662,0.9817324762779308,0.22653672913492418,0.19365763746617493,WELFake_residual->ISOT
4,tfidf_lr,R_SE,0,0,0,0,SE,WELFake_residual,McIntire,cross,2988,1590,0.8434285714285714,0.8276729559748428,0.9243630866523076,0.9226549582690556,0.9314227226202662,0.9817324762779308,0.08799415119169474,0.059077518008875174,WELFake_residual->McIntire
