outcome,quantity,original,cleaned,delta_cleaned_minus_original,seed_sd_of_effect
cross-dataset AUC,baseline C0 level,0.805,0.806,"+0.001 [-0.017, +0.019] (6/8)",0.027
cross-dataset AUC,L - C0,+0.018,+0.014,"-0.004 [-0.040, +0.031] (4/8)",0.030
cross-dataset AUC,E - C0,+0.016,+0.015,"-0.001 [-0.020, +0.018] (5/8)",0.024
cross-dataset AUC,LE - C0,+0.017,+0.019,"+0.001 [-0.018, +0.021] (2/8)",0.030
cross-dataset AUC,SLE - C0,+0.029,+0.026,"-0.004 [-0.024, +0.016] (4/8)",0.021
AUC gap,baseline C0 level,0.192,0.191,"-0.000 [-0.018, +0.017] (6/8)",0.028
AUC gap,L - C0,-0.019,-0.015,"+0.004 [-0.031, +0.039] (4/8)",0.030
AUC gap,E - C0,-0.018,-0.018,"+0.001 [-0.018, +0.019] (5/8)",0.024
AUC gap,LE - C0,-0.020,-0.021,"-0.002 [-0.021, +0.018] (3/8)",0.030
AUC gap,SLE - C0,-0.034,-0.031,"+0.003 [-0.017, +0.023] (4/8)",0.021
