contrast,pair,original,cleaned,change,sign_flip
L - C0,ISOT->McIntire,0.055090186305921454,0.057423954748625425,0.0023337684427039707,False
L - C0,ISOT->WELFake_residual,0.03597847362777509,0.039042561607531376,0.003064087979756283,False
L - C0,McIntire->ISOT,0.06853788489236019,0.07281970649895173,0.004281821606591532,False
L - C0,McIntire->WELFake_residual,-0.011571158690176234,-0.007461730153079396,0.0041094285370968375,False
L - C0,WELFake_residual->ISOT,0.07505341541409433,0.06305446778212886,-0.011998947631965462,False
L - C0,WELFake_residual->McIntire,-0.01987836715319803,-0.02016633044578932,-0.0002879632925912867,False
E - C0,ISOT->McIntire,0.015144179423282347,0.017736046833590438,0.0025918674103080908,False
E - C0,ISOT->WELFake_residual,-0.0033405452734298346,-0.0015608559787983062,0.0017796892946315285,False
E - C0,McIntire->ISOT,0.05521159166037479,0.05847217277797552,0.003260581117600733,False
E - C0,McIntire->WELFake_residual,-0.007246175662557322,-0.0053338475534986385,0.0019123281090586836,False
E - C0,WELFake_residual->ISOT,0.02186006985641685,0.015607373126062973,-0.006252696730353877,False
E - C0,WELFake_residual->McIntire,-0.001639768996479607,-0.00096080060124204,0.0006789683952375669,False
LE - C0,ISOT->McIntire,0.07233653732051738,0.07443198449428422,0.0020954471737668345,False
LE - C0,ISOT->WELFake_residual,0.03855486520439824,0.04953522408132589,0.010980358876927651,False
LE - C0,McIntire->ISOT,0.14082872805486998,0.1503447252877655,0.009515997232895507,False
LE - C0,McIntire->WELFake_residual,-0.019221419779327245,-0.020460820378940717,-0.0012394005996134716,False
LE - C0,WELFake_residual->ISOT,0.09827524126160306,0.08631600806930098,-0.011959233192302077,False
LE - C0,WELFake_residual->McIntire,-0.015268581147897614,-0.015823543372493212,-0.0005549622245955982,False
E - R_E,ISOT->McIntire,0.013364977651200538,0.011955618844191315,-0.0014093588070092228,False
E - R_E,ISOT->WELFake_residual,0.000732033069177504,0.005292907717258058,0.004560874648080554,False
E - R_E,McIntire->ISOT,0.07189667150987575,0.06526086784541749,-0.006635803664458262,False
E - R_E,McIntire->WELFake_residual,-0.005348282775729851,-0.0015260472291444144,0.003822235546585437,False
E - R_E,WELFake_residual->ISOT,0.03481459656491702,0.03288813733633948,-0.0019264592285775373,False
E - R_E,WELFake_residual->McIntire,0.005308532099204885,0.005916696333214677,0.000608164234009792,False
