outcome,contrast,seed,tfidf,distilbert,difference
cross-dataset AUC,S - C0,0,-0.016284387629717217,0.03144020568052186,-0.04772459331023908
cross-dataset AUC,S - C0,1,-0.02371366124649893,-0.0009007488494755153,-0.022812912397023415
cross-dataset AUC,S - C0,2,-0.004855393865027109,0.037208520256662304,-0.042063914121689416
cross-dataset AUC,S - C0,3,-0.010945444855629205,0.033552105478999596,-0.0444975503346288
cross-dataset AUC,S - C0,4,-0.01892670261504692,0.05134905414123936,-0.07027575675628628
cross-dataset AUC,L - C0,0,0.02776823818315997,0.022128869887915736,0.005639368295244234
cross-dataset AUC,L - C0,1,0.03472107389434581,-0.02720204524118826,0.06192311913553407
cross-dataset AUC,L - C0,2,0.032696075830481564,0.02935176803295368,0.0033443077975278852
cross-dataset AUC,L - C0,3,0.03153214667614831,0.03198439181208512,-0.0004522451359368143
cross-dataset AUC,L - C0,4,0.03001118457853121,0.019366815889005146,0.010644368689526063
cross-dataset AUC,E - C0,0,0.009908659422565044,0.019609995064091945,-0.009701335641526901
cross-dataset AUC,E - C0,1,0.007069992968936937,-0.018083557766378988,0.025153550735315926
cross-dataset AUC,E - C0,2,0.017845870044314777,0.011959716613346827,0.0058861534309679504
cross-dataset AUC,E - C0,3,0.015767212562161608,-0.00708159862651736,0.02284881118867897
cross-dataset AUC,E - C0,4,0.017382093021416523,0.032256718169543785,-0.014874625148127263
cross-dataset AUC,LE - C0,0,0.04362137476763387,0.010556583147016277,0.033064791620617595
cross-dataset AUC,LE - C0,1,0.046622496513132584,-0.03198422931418917,0.07860672582732176
cross-dataset AUC,LE - C0,2,0.05142721311468248,0.03480149009567988,0.0166257230190026
cross-dataset AUC,LE - C0,3,0.06325211328221982,0.016178410812183297,0.04707370247003652
cross-dataset AUC,LE - C0,4,0.054168072647937715,0.04811914783273726,0.006048924815200453
cross-dataset AUC,SLE - C0,0,0.0346200221011577,0.036391509128717824,-0.001771487027560123
cross-dataset AUC,SLE - C0,1,0.03691658205225107,0.0026562168847689325,0.03426036516748213
cross-dataset AUC,SLE - C0,2,0.04752630054181626,0.032604487935084615,0.014921812606731644
cross-dataset AUC,SLE - C0,3,0.04600442885377176,0.02815733293990269,0.01784709591386907
cross-dataset AUC,SLE - C0,4,0.04501211130279605,0.04487791095003322,0.00013420035276283382
cross-dataset AUC,S - R_S,0,-0.018861680396536074,-0.015413162995712474,-0.0034485174008236
cross-dataset AUC,S - R_S,1,-0.016704628784856863,-0.014387429674137956,-0.002317199110718907
cross-dataset AUC,S - R_S,2,-0.0077255688846796415,-0.006733558733033995,-0.0009920101516456463
cross-dataset AUC,S - R_S,3,-0.012414071204415214,0.016719390148774882,-0.029133461353190095
cross-dataset AUC,S - R_S,4,-0.023696143709791024,0.02105822584344824,-0.04475436955323926
cross-dataset AUC,E - R_E,0,0.01726653808866561,-0.015429763154132156,0.032696301242797765
cross-dataset AUC,E - R_E,1,0.020353453425233665,-0.019343710634690276,0.03969716405992394
cross-dataset AUC,E - R_E,2,0.023965515050006974,-0.026129205759942525,0.0500947208099495
cross-dataset AUC,E - R_E,3,0.02495912469903842,-0.019448649831516267,0.04440777453055469
cross-dataset AUC,E - R_E,4,0.020017862800137027,-0.028246715090068448,0.048264577890205475
cross-dataset AUC,SE - R_SE,0,0.012693773310775128,0.016816725090948132,-0.004122951780173004
cross-dataset AUC,SE - R_SE,1,0.023085011905352948,0.00763007413910316,0.015454937766249788
cross-dataset AUC,SE - R_SE,2,0.00945273582257026,-0.003292271822461168,0.012745007645031428
cross-dataset AUC,SE - R_SE,3,0.027158384516058842,0.014667569188601867,0.012490815327456975
cross-dataset AUC,SE - R_SE,4,0.01646817058921359,0.006061915821250689,0.010406254767962898
AUC gap,S - C0,0,0.007410633581865704,-0.03485876059003967,0.042269394171905374
AUC gap,S - C0,1,0.015271005591665407,-0.002183234698028428,0.017454240289693834
AUC gap,S - C0,2,-0.002420826574056012,-0.040704747513453966,0.038283920939397954
AUC gap,S - C0,3,0.002705245262867565,-0.035307463420942264,0.03801270868380983
AUC gap,S - C0,4,0.010706626518248977,-0.051667787316451164,0.06237441383470014
AUC gap,L - C0,0,-0.03005724656930932,-0.024005319966774463,-0.006051926602534858
AUC gap,L - C0,1,-0.033083615336980586,0.027264077377689027,-0.06034769271466961
AUC gap,L - C0,2,-0.03587568525065319,-0.031132543149264336,-0.0047431421013888544
AUC gap,L - C0,3,-0.03153365655046595,-0.031475474236337043,-5.8182314128907286e-05
AUC gap,L - C0,4,-0.03084372895271407,-0.01806257237925248,-0.012781156573461593
AUC gap,E - C0,0,-0.017674525681431148,-0.022984906193917447,0.0053103805124863
AUC gap,E - C0,1,-0.016083494340958626,0.01561075011342015,-0.031694244454378774
AUC gap,E - C0,2,-0.023535747853639433,-0.015074497468434664,-0.00846125038520477
AUC gap,E - C0,3,-0.022704059946217697,0.004800240669331897,-0.027504300615549593
AUC gap,E - C0,4,-0.025292263615855886,-0.032702272944079756,0.00741000932822387
AUC gap,LE - C0,0,-0.04755248077020776,-0.01261594900500329,-0.03493653176520447
AUC gap,LE - C0,1,-0.05066394997362985,0.03082345762998077,-0.08148740760361062
AUC gap,LE - C0,2,-0.05657200112645028,-0.03759729986360836,-0.01897470126284192
AUC gap,LE - C0,3,-0.06877632641797665,-0.017655085041439606,-0.05112124137653705
AUC gap,LE - C0,4,-0.06185651287129451,-0.0478004372346937,-0.014056075636600808
AUC gap,SLE - C0,0,-0.04378357468009042,-0.04137474167022983,-0.0024088330098605906
AUC gap,SLE - C0,1,-0.0497565706605006,-0.007893844506314454,-0.041862726154186146
AUC gap,SLE - C0,2,-0.06460718398596349,-0.03992377207069566,-0.02468341191526783
AUC gap,SLE - C0,3,-0.05967496880374593,-0.03357112339437709,-0.026103845409368845
AUC gap,SLE - C0,4,-0.05694500274675823,-0.04497597488107857,-0.01196902786567966
AUC gap,S - R_S,0,0.013242368502087246,0.012632025271046732,0.0006103432310405141
AUC gap,S - R_S,1,0.006807548191744339,0.011419031315685871,-0.004611483123941532
AUC gap,S - R_S,2,0.0020652072245032813,0.004219536896131915,-0.0021543296716286333
AUC gap,S - R_S,3,0.0038555921504986137,-0.018979113007111564,0.02283470515761018
AUC gap,S - R_S,4,0.01672876180294412,-0.022715903636278827,0.039444665439222946
AUC gap,E - R_E,0,-0.023851059561021865,0.013374252782028992,-0.037225312343050855
AUC gap,E - R_E,1,-0.02761878711785169,0.01743900306297434,-0.04505779018082603
AUC gap,E - R_E,2,-0.02593373793572812,0.025378550773209125,-0.05131228870893724
AUC gap,E - R_E,3,-0.028632602890350262,0.017475728005192575,-0.04610833089554284
AUC gap,E - R_E,4,-0.02548317440321664,0.027765595630974176,-0.05324877003419082
AUC gap,SE - R_SE,0,-0.022679010552631124,-0.02132073939544989,-0.0013582711571812345
AUC gap,SE - R_SE,1,-0.037556560245019334,-0.01073271951878313,-0.026823840726236205
AUC gap,SE - R_SE,2,-0.021615487190768334,0.0010901307583185786,-0.022705617949086914
AUC gap,SE - R_SE,3,-0.036254726191940125,-0.017015705042478995,-0.01923902114946113
AUC gap,SE - R_SE,4,-0.029574928039577526,-0.007780625344620928,-0.021794302694956597
